Trade_ID,ISIN,Counterparty,Date,Quantity,Price,Currency
TRD_0000,FR22195800,BNP Paribas,2026-03-14,2557,1133.79,EUR
TRD_0001,FR77115500,HSBC,2026-03-07,2989,737.02,EUR
TRD_0002,FR23193200,HSBC,2026-03-10,2291,133.87,EUR
TRD_0003,FR46583800,Goldman Sachs,2026-03-12,2659,1438.8,EUR
TRD_0004,FR35917800,Societe Generale,2026-03-14,323,1416.95,EUR
TRD_0005,FR74416700,BNP Paribas,2026-03-14,2623,1188.52,EUR
TRD_0006,FR21026800,Societe Generale,2026-03-02,3093,1487.43,EUR
TRD_0007,FR83218000,BNP Paribas,2026-03-07,2266,839.5,EUR
TRD_0008,FR15488600,Goldman Sachs,2026-03-05,1047,1446.01,EUR
TRD_0009,FR23733700,Goldman Sachs,2026-03-05,3499,159.63,EUR
TRD_0010,FR62143000,HSBC,2026-03-06,2644,580.24,EUR
TRD_0011,FR18749800,Societe Generale,2026-03-13,3993,376.8,EUR
TRD_0012,FR99915900,HSBC,2026-03-09,1788,333.96,EUR
TRD_0013,FR27520300,Societe Generale,2026-03-14,3905,254.16,EUR
TRD_0014,FR29133500,HSBC,2026-03-06,1134,952.5,EUR
TRD_0015,FR37816700,JP Morgan,2026-03-12,707,1182.92,EUR
TRD_0016,FR14109000,JP Morgan,2026-03-13,2189,888.53,EUR
TRD_0017,FR42936500,JP Morgan,2026-03-15,1414,263.1,EUR
TRD_0018,FR16482000,JP Morgan,2026-03-14,1053,1226.13,EUR
TRD_0019,FR88720100,BNP Paribas,2026-03-08,1939,972.13,EUR
TRD_0020,FR42187900,JP Morgan,2026-03-07,1023,612.84,EUR
TRD_0021,FR81831500,Goldman Sachs,2026-03-09,236,1027.49,EUR
TRD_0022,FR42706900,Goldman Sachs,2026-03-04,1838,426.86,EUR
TRD_0023,FR87699700,BNP Paribas,2026-03-02,4927,550.53,EUR
TRD_0024,FR29904100,JP Morgan,2026-03-07,2033,1380.35,EUR
TRD_0025,FR89174300,JP Morgan,2026-03-06,4976,471.23,EUR
TRD_0026,FR20335500,JP Morgan,2026-03-01,2462,731.48,EUR
TRD_0027,FR33579600,HSBC,2026-03-11,2095,1340.7,EUR
TRD_0028,FR31417600,Societe Generale,2026-03-09,4293,1076.2,EUR
TRD_0029,FR28477900,HSBC,2026-03-09,1090,140.19,EUR
TRD_0030,FR44744900,Societe Generale,2026-03-12,2330,263.59,EUR
TRD_0031,FR52190900,JP Morgan,2026-03-02,3200,61.37,EUR
TRD_0032,FR35879500,JP Morgan,2026-03-03,2640,964.84,EUR
TRD_0033,FR58623200,HSBC,2026-03-05,2573,699.13,EUR
TRD_0034,FR60018600,HSBC,2026-03-05,3302,244.7,EUR
TRD_0035,FR25673000,Societe Generale,2026-03-15,4631,1439.0,EUR
TRD_0036,FR97091000,Goldman Sachs,2026-03-01,3596,818.01,EUR
TRD_0037,FR48468100,Societe Generale,2026-03-08,4441,400.75,EUR
TRD_0038,FR24950300,HSBC,2026-03-12,2957,775.88,EUR
TRD_0039,FR75481100,HSBC,2026-03-08,3969,1035.45,EUR
TRD_0040,FR62703500,BNP Paribas,2026-03-04,2823,160.55,EUR
TRD_0041,FR74814300,HSBC,2026-03-13,2593,448.32,EUR
TRD_0042,FR55236600,BNP Paribas,2026-03-07,171,1220.1,EUR
TRD_0043,FR16572500,Goldman Sachs,2026-03-15,603,716.51,EUR
TRD_0044,FR22998100,Societe Generale,2026-03-15,3269,842.54,EUR
TRD_0045,FR18465400,Societe Generale,2026-03-11,4165,677.58,EUR
TRD_0046,FR69172300,BNP Paribas,2026-03-10,2972,113.65,EUR
TRD_0047,FR41903000,Societe Generale,2026-03-03,3898,290.34,EUR
TRD_0048,FR42894700,HSBC,2026-03-06,3400,696.04,EUR
TRD_0049,FR65583900,JP Morgan,2026-03-14,4511,353.32,EUR
TRD_0050,FR37353800,BNP Paribas,2026-03-10,673,122.47,EUR
TRD_0051,FR43123600,Societe Generale,2026-03-13,1142,1273.29,EUR
TRD_0052,FR62817800,BNP Paribas,2026-03-10,551,1472.73,EUR
TRD_0053,FR66589400,BNP Paribas,2026-03-12,2984,1200.06,EUR
TRD_0054,FR58949200,JP Morgan,2026-03-14,877,1287.99,EUR
TRD_0055,FR35684000,HSBC,2026-03-09,2076,400.87,EUR
TRD_0056,FR57325400,BNP Paribas,2026-03-01,441,1442.91,EUR
TRD_0057,FR44945700,Societe Generale,2026-03-05,4845,335.54,EUR
TRD_0058,FR76598700,Goldman Sachs,2026-03-04,4288,1429.57,EUR
TRD_0059,FR37093600,BNP Paribas,2026-03-08,1216,1492.49,EUR
TRD_0060,FR33993100,BNP Paribas,2026-03-11,2538,1082.0,EUR
TRD_0061,FR33962900,JP Morgan,2026-03-12,1179,1472.66,EUR
TRD_0062,FR30504100,HSBC,2026-03-01,840,875.83,EUR
TRD_0063,FR79836100,Goldman Sachs,2026-03-09,1661,426.34,EUR
TRD_0064,FR83191200,Societe Generale,2026-03-06,1146,683.64,EUR
TRD_0065,FR51711300,Goldman Sachs,2026-03-04,2820,910.66,EUR
TRD_0066,FR16814800,Societe Generale,2026-03-12,485,155.97,EUR
TRD_0067,FR87708900,HSBC,2026-03-09,2820,952.4,EUR
TRD_0068,FR74853100,Societe Generale,2026-03-11,1336,1472.71,EUR
TRD_0069,FR35199500,JP Morgan,2026-03-05,1029,325.66,EUR
TRD_0070,FR77884300,JP Morgan,2026-03-15,1846,1199.26,EUR
TRD_0071,FR67284300,JP Morgan,2026-03-05,4266,1366.45,EUR
TRD_0072,FR35650800,JP Morgan,2026-03-12,2458,1418.37,EUR
TRD_0073,FR90359100,Goldman Sachs,2026-03-05,4303,1442.2,EUR
TRD_0074,FR99694200,HSBC,2026-03-01,1293,806.12,EUR
TRD_0075,FR20653000,Societe Generale,2026-03-01,669,1467.1,EUR
TRD_0076,FR70436500,Societe Generale,2026-03-08,2020,1148.1,EUR
TRD_0077,FR92235200,JP Morgan,2026-03-12,408,284.42,EUR
TRD_0078,FR56033700,JP Morgan,2026-03-08,1743,741.51,EUR
TRD_0079,FR82483900,BNP Paribas,2026-03-12,2135,1091.58,EUR
TRD_0080,FR90588900,HSBC,2026-03-15,2181,408.64,EUR
TRD_0081,FR55977300,Goldman Sachs,2026-03-15,84,978.89,EUR
TRD_0082,FR30826100,Societe Generale,2026-03-06,4707,1016.57,EUR
TRD_0083,FR86446900,BNP Paribas,2026-03-12,3481,285.91,EUR
TRD_0084,FR44109700,BNP Paribas,2026-03-11,846,869.37,EUR
TRD_0085,FR41513900,Societe Generale,2026-03-13,509,1168.86,EUR
TRD_0086,FR27182900,Goldman Sachs,2026-03-04,147,773.4,EUR
TRD_0087,FR37183600,BNP Paribas,2026-03-02,2107,67.55,EUR
TRD_0088,FR53897400,BNP Paribas,2026-03-14,3706,63.11,EUR
TRD_0089,FR30228300,HSBC,2026-03-02,1895,567.69,EUR
TRD_0090,FR29676900,Goldman Sachs,2026-03-09,2767,1392.98,EUR
TRD_0091,FR66135300,BNP Paribas,2026-03-15,3930,381.58,EUR
TRD_0092,FR32316500,Goldman Sachs,2026-03-05,1910,969.83,EUR
TRD_0093,FR72358700,Societe Generale,2026-03-04,2620,372.01,EUR
TRD_0094,FR63582200,JP Morgan,2026-03-10,3996,516.42,EUR
TRD_0095,FR58787900,BNP Paribas,2026-03-13,1459,1279.66,EUR
TRD_0096,FR66468500,HSBC,2026-03-01,556,1106.85,EUR
TRD_0097,FR88203800,Societe Generale,2026-03-07,4686,188.33,EUR
TRD_0098,FR45353100,Goldman Sachs,2026-03-03,2013,671.62,EUR
TRD_0099,FR36316000,Societe Generale,2026-03-06,2106,92.3,EUR
TRD_0100,FR67987900,BNP Paribas,2026-03-05,713,747.29,EUR
TRD_0101,FR32088400,Goldman Sachs,2026-03-05,2413,1010.53,EUR
TRD_0102,FR12324700,JP Morgan,2026-03-11,1635,221.83,EUR
TRD_0103,FR12430000,Societe Generale,2026-03-05,3341,468.88,EUR
TRD_0104,FR56728100,BNP Paribas,2026-03-01,4743,626.86,EUR
TRD_0105,FR70708600,HSBC,2026-03-01,2988,1383.32,EUR
TRD_0106,FR63355600,Goldman Sachs,2026-03-03,4746,1490.22,EUR
TRD_0107,FR44895100,Societe Generale,2026-03-14,2849,115.12,EUR
TRD_0108,FR37432900,Societe Generale,2026-03-12,3394,1153.46,EUR
TRD_0109,FR81906400,JP Morgan,2026-03-10,2669,589.0,EUR
TRD_0110,FR84213900,JP Morgan,2026-03-04,1871,619.06,EUR
TRD_0111,FR53231500,HSBC,2026-03-05,2866,1143.68,EUR
TRD_0112,FR61658800,HSBC,2026-03-02,695,1381.72,EUR
TRD_0113,FR33658400,BNP Paribas,2026-03-08,4293,1428.85,EUR
TRD_0114,FR66233200,BNP Paribas,2026-03-11,1629,886.83,EUR
TRD_0115,FR93764600,HSBC,2026-03-11,4653,567.83,EUR
TRD_0116,FR47689600,HSBC,2026-03-14,1441,1191.95,EUR
TRD_0117,FR14898400,Goldman Sachs,2026-03-02,885,413.95,EUR
TRD_0118,FR40291800,JP Morgan,2026-03-09,4723,867.91,EUR
TRD_0119,FR36471200,BNP Paribas,2026-03-02,2471,569.94,EUR
TRD_0120,FR22015100,JP Morgan,2026-03-13,1375,1002.12,EUR
TRD_0121,FR55580800,JP Morgan,2026-03-09,1253,398.58,EUR
TRD_0122,FR23376700,HSBC,2026-03-07,172,327.81,EUR
TRD_0123,FR74866300,Goldman Sachs,2026-03-15,1984,1381.45,EUR
TRD_0124,FR80355000,Societe Generale,2026-03-08,3301,197.62,EUR
TRD_0125,FR23633000,Goldman Sachs,2026-03-15,279,783.64,EUR
TRD_0126,FR58075400,Goldman Sachs,2026-03-11,641,370.24,EUR
TRD_0127,FR40164800,JP Morgan,2026-03-02,915,106.45,EUR
TRD_0128,FR78851900,Goldman Sachs,2026-03-07,3481,102.23,EUR
TRD_0129,FR11398600,BNP Paribas,2026-03-12,3263,304.07,EUR
TRD_0130,FR68614600,JP Morgan,2026-03-06,2024,1306.82,EUR
TRD_0131,FR22931200,BNP Paribas,2026-03-04,1651,459.59,EUR
TRD_0132,FR11266600,Societe Generale,2026-03-07,214,1428.17,EUR
TRD_0133,FR40080400,JP Morgan,2026-03-14,591,893.35,EUR
TRD_0134,FR23463300,Societe Generale,2026-03-13,850,683.09,EUR
TRD_0135,FR38899800,JP Morgan,2026-03-04,1729,891.13,EUR
TRD_0136,FR95093700,HSBC,2026-03-02,2653,799.21,EUR
TRD_0137,FR72877600,Goldman Sachs,2026-03-10,2307,1150.23,EUR
TRD_0138,FR80761100,HSBC,2026-03-12,884,459.62,EUR
TRD_0139,FR38480600,Societe Generale,2026-03-07,699,561.92,EUR
TRD_0140,FR89482400,Goldman Sachs,2026-03-08,4010,1346.44,EUR
TRD_0141,FR13053500,JP Morgan,2026-03-02,3151,1422.36,EUR
TRD_0142,FR47571300,Goldman Sachs,2026-03-05,1432,1344.21,EUR
TRD_0143,FR93868800,BNP Paribas,2026-03-01,681,658.2,EUR
TRD_0144,FR45127900,Goldman Sachs,2026-03-07,1181,1181.53,EUR
TRD_0145,FR92165400,BNP Paribas,2026-03-08,3736,740.69,EUR
TRD_0146,FR70166100,Goldman Sachs,2026-03-13,953,771.43,EUR
TRD_0147,FR74797200,BNP Paribas,2026-03-06,1459,346.79,EUR
TRD_0148,FR58957000,Societe Generale,2026-03-05,3747,907.14,EUR
TRD_0149,FR55655100,HSBC,2026-03-15,2549,319.9,EUR
TRD_0150,FR37310900,JP Morgan,2026-03-06,3969,530.77,EUR
TRD_0151,FR12453800,Goldman Sachs,2026-03-15,4270,1289.79,EUR
TRD_0152,FR99449800,HSBC,2026-03-02,2371,350.26,EUR
TRD_0153,FR30166400,JP Morgan,2026-03-01,3662,153.18,EUR
TRD_0154,FR59123400,JP Morgan,2026-03-07,3680,150.06,EUR
TRD_0155,FR99968400,BNP Paribas,2026-03-07,1763,1414.14,EUR
TRD_0156,FR23918200,Societe Generale,2026-03-10,2362,785.03,EUR
TRD_0157,FR57252500,Societe Generale,2026-03-11,1948,643.65,EUR
TRD_0158,FR25833800,HSBC,2026-03-10,380,1225.77,EUR
TRD_0159,FR28406400,Societe Generale,2026-03-14,4958,1261.95,EUR
TRD_0160,FR31402000,Goldman Sachs,2026-03-02,4489,531.68,EUR
TRD_0161,FR72309400,Societe Generale,2026-03-02,1941,1055.75,EUR
TRD_0162,FR99742100,HSBC,2026-03-01,434,1168.13,EUR
TRD_0163,FR71527000,Societe Generale,2026-03-10,4734,999.24,EUR
TRD_0164,FR74591400,Goldman Sachs,2026-03-08,904,269.81,EUR
TRD_0165,FR21917600,BNP Paribas,2026-03-15,607,1320.03,EUR
TRD_0166,FR31812600,HSBC,2026-03-08,3072,831.69,EUR
TRD_0167,FR31896900,BNP Paribas,2026-03-01,2346,459.59,EUR
TRD_0168,FR22240900,BNP Paribas,2026-03-12,4698,666.58,EUR
TRD_0169,FR64770700,BNP Paribas,2026-03-11,1697,104.48,EUR
TRD_0170,FR35361800,JP Morgan,2026-03-08,582,235.41,EUR
TRD_0171,FR86959800,JP Morgan,2026-03-09,2100,1160.04,EUR
TRD_0172,FR15001500,BNP Paribas,2026-03-14,3679,50.02,EUR
TRD_0173,FR87283800,HSBC,2026-03-04,4282,654.02,EUR
TRD_0174,FR22209600,Goldman Sachs,2026-03-01,4634,807.64,EUR
TRD_0175,FR73134700,Goldman Sachs,2026-03-01,1643,129.22,EUR
TRD_0176,FR28534000,Societe Generale,2026-03-03,1527,1460.96,EUR
TRD_0177,FR21068700,HSBC,2026-03-15,4303,377.88,EUR
TRD_0178,FR97437100,JP Morgan,2026-03-14,2667,491.09,EUR
TRD_0179,FR51135700,BNP Paribas,2026-03-05,3658,490.72,EUR
TRD_0180,FR83571600,Societe Generale,2026-03-05,4958,384.1,EUR
TRD_0181,FR20587800,Goldman Sachs,2026-03-09,3598,52.14,EUR
TRD_0182,FR82727000,JP Morgan,2026-03-10,1547,1107.55,EUR
TRD_0183,FR29828600,JP Morgan,2026-03-14,3147,1451.93,EUR
TRD_0184,FR87329000,BNP Paribas,2026-03-12,107,375.23,EUR
TRD_0185,FR87468400,Goldman Sachs,2026-03-02,3225,1011.42,EUR
TRD_0186,FR26489900,HSBC,2026-03-02,4540,1125.75,EUR
TRD_0187,FR42476700,JP Morgan,2026-03-06,4742,1280.22,EUR
TRD_0188,FR96188200,BNP Paribas,2026-03-15,3760,662.81,EUR
TRD_0189,FR97985800,HSBC,2026-03-09,3167,489.25,EUR
TRD_0190,FR47998900,Goldman Sachs,2026-03-01,4693,521.68,EUR
TRD_0191,FR51551500,JP Morgan,2026-03-09,353,1083.3,EUR
TRD_0192,FR14358500,HSBC,2026-03-09,4676,1234.33,EUR
TRD_0193,FR47136900,HSBC,2026-03-13,620,313.34,EUR
TRD_0194,FR16404400,HSBC,2026-03-09,1737,587.86,EUR
TRD_0195,FR54229600,JP Morgan,2026-03-05,2300,1357.81,EUR
TRD_0196,FR20955600,JP Morgan,2026-03-13,1864,1219.71,EUR
TRD_0197,FR62698100,Societe Generale,2026-03-15,2618,1478.04,EUR
TRD_0198,FR98169100,Goldman Sachs,2026-03-09,2089,1143.66,EUR
TRD_0199,FR86759500,BNP Paribas,2026-03-11,2334,620.13,EUR
TRD_0200,FR30023500,HSBC,2026-03-04,4637,906.42,EUR
TRD_0201,FR12593900,Societe Generale,2026-03-02,1187,1008.47,EUR
TRD_0202,FR25290600,BNP Paribas,2026-03-13,1101,163.76,EUR
TRD_0203,FR64233500,Societe Generale,2026-03-06,4989,839.52,EUR
TRD_0204,FR38824900,JP Morgan,2026-03-14,2801,1078.52,EUR
TRD_0205,FR17576600,HSBC,2026-03-04,1759,292.62,EUR
TRD_0206,FR50892300,BNP Paribas,2026-03-06,2685,1181.92,EUR
TRD_0207,FR51519200,BNP Paribas,2026-03-03,791,896.47,EUR
TRD_0208,FR66855000,BNP Paribas,2026-03-06,3058,1430.72,EUR
TRD_0209,FR48726100,BNP Paribas,2026-03-02,2115,111.51,EUR
TRD_0210,FR91020800,BNP Paribas,2026-03-02,3877,434.72,EUR
TRD_0211,FR78544000,Societe Generale,2026-03-13,4986,922.25,EUR
TRD_0212,FR75266400,HSBC,2026-03-09,4552,480.01,EUR
TRD_0213,FR55458900,JP Morgan,2026-03-07,2123,1085.92,EUR
TRD_0214,FR23784800,JP Morgan,2026-03-03,3980,1150.56,EUR
TRD_0215,FR71707500,JP Morgan,2026-03-13,2001,198.65,EUR
TRD_0216,FR22794800,JP Morgan,2026-03-11,1077,795.09,EUR
TRD_0217,FR67930400,Societe Generale,2026-03-01,1587,787.89,EUR
TRD_0218,FR50269000,Goldman Sachs,2026-03-08,1021,585.46,EUR
TRD_0219,FR59904600,HSBC,2026-03-14,2284,1402.74,EUR
TRD_0220,FR55126900,BNP Paribas,2026-03-06,4879,1249.88,EUR
TRD_0221,FR12195900,Goldman Sachs,2026-03-07,1824,1060.95,EUR
TRD_0222,FR76089000,JP Morgan,2026-03-09,2436,1085.77,EUR
TRD_0223,FR85021600,Goldman Sachs,2026-03-05,4412,719.49,EUR
TRD_0224,FR89018000,HSBC,2026-03-15,4884,1385.44,EUR
TRD_0225,FR32857600,BNP Paribas,2026-03-01,2561,1057.16,EUR
TRD_0226,FR63783300,BNP Paribas,2026-03-12,3667,1107.02,EUR
TRD_0227,FR26583800,HSBC,2026-03-10,17,1299.45,EUR
TRD_0228,FR43567400,HSBC,2026-03-07,2565,447.4,EUR
TRD_0229,FR97998900,JP Morgan,2026-03-15,485,1220.25,EUR
TRD_0230,FR16108700,BNP Paribas,2026-03-05,2221,333.1,EUR
TRD_0231,FR69312800,Goldman Sachs,2026-03-03,494,550.75,EUR
TRD_0232,FR21845100,Societe Generale,2026-03-12,4664,536.64,EUR
TRD_0233,FR54760000,Societe Generale,2026-03-13,2295,1468.86,EUR
TRD_0234,FR93743700,HSBC,2026-03-09,4573,1291.98,EUR
TRD_0235,FR53979200,JP Morgan,2026-03-01,3535,1066.7,EUR
TRD_0236,FR13935300,Societe Generale,2026-03-01,3349,1104.23,EUR
TRD_0237,FR29307500,BNP Paribas,2026-03-01,2832,865.01,EUR
TRD_0238,FR31428300,HSBC,2026-03-03,4953,1423.28,EUR
TRD_0239,FR41487700,Goldman Sachs,2026-03-12,2934,769.58,EUR
TRD_0240,FR16531800,HSBC,2026-03-06,268,601.75,EUR
TRD_0241,FR86531300,Goldman Sachs,2026-03-10,292,286.4,EUR
TRD_0242,FR58269000,HSBC,2026-03-11,1908,1190.0,EUR
TRD_0243,FR51688000,HSBC,2026-03-03,4145,1114.94,EUR
TRD_0244,FR69146000,HSBC,2026-03-08,2986,607.31,EUR
TRD_0245,FR84097600,Goldman Sachs,2026-03-14,2277,86.53,EUR
TRD_0246,FR88123900,Goldman Sachs,2026-03-14,3210,1266.55,EUR
TRD_0247,FR19326400,HSBC,2026-03-10,622,66.56,EUR
TRD_0248,FR87074600,Societe Generale,2026-03-02,697,1070.36,EUR
TRD_0249,FR91316800,JP Morgan,2026-03-14,3700,1456.87,EUR
TRD_0250,FR32528100,JP Morgan,2026-03-09,622,684.61,EUR
TRD_0251,FR73714700,JP Morgan,2026-03-03,2317,390.71,EUR
TRD_0252,FR99861300,Goldman Sachs,2026-03-05,3023,1072.06,EUR
TRD_0253,FR49407000,Goldman Sachs,2026-03-10,1791,1234.84,EUR
TRD_0254,FR45222800,Societe Generale,2026-03-08,2601,842.32,EUR
TRD_0255,FR53183900,JP Morgan,2026-03-02,2706,1452.2,EUR
TRD_0256,FR36953600,JP Morgan,2026-03-06,3968,124.92,EUR
TRD_0257,FR41782400,HSBC,2026-03-12,584,781.95,EUR
TRD_0258,FR35742600,Goldman Sachs,2026-03-05,1920,1091.76,EUR
TRD_0259,FR27778900,JP Morgan,2026-03-13,3614,1300.83,EUR
TRD_0260,FR61315300,Societe Generale,2026-03-10,679,309.92,EUR
TRD_0261,FR84245200,Societe Generale,2026-03-09,4374,1210.01,EUR
TRD_0262,FR93729100,JP Morgan,2026-03-12,1293,851.43,EUR
TRD_0263,FR22565700,Goldman Sachs,2026-03-05,933,625.0,EUR
TRD_0264,FR33516700,Societe Generale,2026-03-02,1135,240.99,EUR
TRD_0265,FR78166900,HSBC,2026-03-05,1539,1304.68,EUR
TRD_0266,FR58067100,Societe Generale,2026-03-15,1604,278.05,EUR
TRD_0267,FR81909400,BNP Paribas,2026-03-12,256,499.19,EUR
TRD_0268,FR17046700,BNP Paribas,2026-03-04,3721,470.57,EUR
TRD_0269,FR28373400,Goldman Sachs,2026-03-15,1570,1313.55,EUR
TRD_0270,FR72279400,JP Morgan,2026-03-11,2410,1025.42,EUR
TRD_0271,FR20975100,Goldman Sachs,2026-03-07,2253,1205.19,EUR
TRD_0272,FR48105000,Goldman Sachs,2026-03-06,3874,413.18,EUR
TRD_0273,FR91177400,Goldman Sachs,2026-03-14,1949,956.07,EUR
TRD_0274,FR79251700,Goldman Sachs,2026-03-02,3079,879.03,EUR
TRD_0275,FR56107900,HSBC,2026-03-12,236,1257.6,EUR
TRD_0276,FR46845200,HSBC,2026-03-11,3557,1363.83,EUR
TRD_0277,FR20608100,Societe Generale,2026-03-11,274,67.63,EUR
TRD_0278,FR71333300,BNP Paribas,2026-03-13,1405,1027.33,EUR
TRD_0279,FR65898600,Goldman Sachs,2026-03-05,3567,125.16,EUR
TRD_0280,FR21007800,Societe Generale,2026-03-07,655,845.85,EUR
TRD_0281,FR96705500,BNP Paribas,2026-03-11,3000,467.07,EUR
TRD_0282,FR12267100,JP Morgan,2026-03-07,1909,494.83,EUR
TRD_0283,FR51840000,HSBC,2026-03-15,2514,561.79,EUR
TRD_0284,FR45552800,BNP Paribas,2026-03-05,2782,950.87,EUR
TRD_0285,FR71049000,JP Morgan,2026-03-12,1164,534.37,EUR
TRD_0286,FR15166300,BNP Paribas,2026-03-15,597,1112.41,EUR
TRD_0287,FR11570800,HSBC,2026-03-09,4581,636.56,EUR
TRD_0288,FR97833800,HSBC,2026-03-04,1831,149.11,EUR
TRD_0289,FR41195500,Societe Generale,2026-03-11,995,1186.45,EUR
TRD_0290,FR23388300,Goldman Sachs,2026-03-03,4089,464.35,EUR
TRD_0291,FR41839400,BNP Paribas,2026-03-15,3358,677.51,EUR
TRD_0292,FR21254700,BNP Paribas,2026-03-04,3841,1043.89,EUR
TRD_0293,FR65904200,JP Morgan,2026-03-05,1251,532.06,EUR
TRD_0294,FR85110200,HSBC,2026-03-13,199,132.05,EUR
TRD_0295,FR86200200,BNP Paribas,2026-03-06,990,592.19,EUR
TRD_0296,FR24248300,HSBC,2026-03-03,1708,1419.45,EUR
TRD_0297,FR75827100,BNP Paribas,2026-03-02,1725,980.51,EUR
TRD_0298,FR31483500,Societe Generale,2026-03-14,2603,1023.64,EUR
TRD_0299,FR50189600,Goldman Sachs,2026-03-13,4146,966.81,EUR
TRD_0300,FR18489600,BNP Paribas,2026-03-04,4443,338.54,EUR
TRD_0301,FR57709500,HSBC,2026-03-05,1108,656.58,EUR
TRD_0302,FR17129500,Societe Generale,2026-03-04,2336,1138.86,EUR
TRD_0303,FR84397400,BNP Paribas,2026-03-14,3257,196.99,EUR
TRD_0304,FR98712100,JP Morgan,2026-03-11,905,452.89,EUR
TRD_0305,FR37325500,Goldman Sachs,2026-03-13,1684,450.66,EUR
TRD_0306,FR39964800,BNP Paribas,2026-03-15,2919,676.43,EUR
TRD_0307,FR75716200,Societe Generale,2026-03-12,940,1471.53,EUR
TRD_0308,FR10815500,JP Morgan,2026-03-03,4394,147.88,EUR
TRD_0309,FR56687200,Societe Generale,2026-03-08,733,802.12,EUR
TRD_0310,FR92581600,Societe Generale,2026-03-10,2950,310.08,EUR
TRD_0311,FR47470500,JP Morgan,2026-03-04,1099,1457.48,EUR
TRD_0312,FR67154200,Societe Generale,2026-03-14,4588,214.29,EUR
TRD_0313,FR90835000,JP Morgan,2026-03-02,945,635.22,EUR
TRD_0314,FR71026900,BNP Paribas,2026-03-02,2305,1119.93,EUR
TRD_0315,FR65459400,JP Morgan,2026-03-01,165,1071.6,EUR
TRD_0316,FR24771800,JP Morgan,2026-03-13,1080,662.96,EUR
TRD_0317,FR40898700,Goldman Sachs,2026-03-04,1968,552.46,EUR
TRD_0318,FR74526300,JP Morgan,2026-03-10,2511,626.54,EUR
TRD_0319,FR45874500,JP Morgan,2026-03-09,4229,433.2,EUR
TRD_0320,FR20751200,BNP Paribas,2026-03-14,3840,347.73,EUR
TRD_0321,FR24744300,Goldman Sachs,2026-03-11,864,750.41,EUR
TRD_0322,FR57058700,HSBC,2026-03-07,649,439.37,EUR
TRD_0323,FR47361600,BNP Paribas,2026-03-15,2248,466.82,EUR
TRD_0324,FR75740900,BNP Paribas,2026-03-12,1612,1002.3,EUR
TRD_0325,FR78697600,HSBC,2026-03-10,451,1454.38,EUR
TRD_0326,FR46587100,JP Morgan,2026-03-07,4638,925.27,EUR
TRD_0327,FR47503700,Societe Generale,2026-03-13,1346,161.62,EUR
TRD_0328,FR90736400,Goldman Sachs,2026-03-15,3710,159.6,EUR
TRD_0329,FR21779600,Societe Generale,2026-03-07,958,1429.56,EUR
TRD_0330,FR39199900,HSBC,2026-03-15,3383,481.07,EUR
TRD_0331,FR29250600,BNP Paribas,2026-03-08,469,183.5,EUR
TRD_0332,FR79837600,BNP Paribas,2026-03-01,4656,918.61,EUR
TRD_0333,FR36954400,Goldman Sachs,2026-03-10,402,954.29,EUR
TRD_0334,FR48000200,BNP Paribas,2026-03-13,3948,990.33,EUR
TRD_0335,FR79800200,BNP Paribas,2026-03-10,1797,437.73,EUR
TRD_0336,FR63943900,Goldman Sachs,2026-03-08,4950,71.91,EUR
TRD_0337,FR69097800,Goldman Sachs,2026-03-04,2267,1449.27,EUR
TRD_0338,FR62878700,HSBC,2026-03-04,1148,413.79,EUR
TRD_0339,FR63058300,BNP Paribas,2026-03-04,3818,1030.24,EUR
TRD_0340,FR48821500,BNP Paribas,2026-03-06,4751,1074.61,EUR
TRD_0341,FR42118400,HSBC,2026-03-07,2464,934.51,EUR
TRD_0342,FR89861500,JP Morgan,2026-03-06,1476,503.72,EUR
TRD_0343,FR52251500,JP Morgan,2026-03-01,3684,443.09,EUR
TRD_0344,FR76823400,JP Morgan,2026-03-12,1387,916.62,EUR
TRD_0345,FR47848000,HSBC,2026-03-08,2607,1305.84,EUR
TRD_0346,FR13271100,BNP Paribas,2026-03-13,151,1422.76,EUR
TRD_0347,FR89197100,HSBC,2026-03-10,2669,203.56,EUR
TRD_0348,FR60115700,HSBC,2026-03-15,4606,274.5,EUR
TRD_0349,FR28442300,JP Morgan,2026-03-11,849,1419.87,EUR
TRD_0350,FR61634900,Societe Generale,2026-03-13,3628,1117.98,EUR
TRD_0351,FR80371400,BNP Paribas,2026-03-07,3927,1330.34,EUR
TRD_0352,FR75791700,JP Morgan,2026-03-06,605,343.82,EUR
TRD_0353,FR92479200,Societe Generale,2026-03-06,1914,902.0,EUR
TRD_0354,FR83737800,Societe Generale,2026-03-05,290,1066.65,EUR
TRD_0355,FR23327200,Goldman Sachs,2026-03-06,433,1036.16,EUR
TRD_0356,FR86783600,BNP Paribas,2026-03-12,4375,641.82,EUR
TRD_0357,FR80233500,Societe Generale,2026-03-09,4259,72.32,EUR
TRD_0358,FR90778900,JP Morgan,2026-03-10,1760,895.24,EUR
TRD_0359,FR74340900,Goldman Sachs,2026-03-09,4767,417.0,EUR
TRD_0360,FR17750500,BNP Paribas,2026-03-15,1977,702.87,EUR
TRD_0361,FR10286900,HSBC,2026-03-10,4098,1438.49,EUR
TRD_0362,FR88147400,JP Morgan,2026-03-08,4188,628.6,EUR
TRD_0363,FR55435100,Societe Generale,2026-03-10,2956,1267.71,EUR
TRD_0364,FR41225200,Societe Generale,2026-03-09,1459,323.38,EUR
TRD_0365,FR73658400,JP Morgan,2026-03-13,2341,1025.07,EUR
TRD_0366,FR71846700,Societe Generale,2026-03-10,2230,1466.66,EUR
TRD_0367,FR19027200,Goldman Sachs,2026-03-08,3799,197.74,EUR
TRD_0368,FR13846700,BNP Paribas,2026-03-08,2820,62.06,EUR
TRD_0369,FR90976000,Goldman Sachs,2026-03-01,4738,678.7,EUR
TRD_0370,FR97784400,Societe Generale,2026-03-10,1541,184.31,EUR
TRD_0371,FR58004700,HSBC,2026-03-11,4892,1135.16,EUR
TRD_0372,FR75934700,BNP Paribas,2026-03-05,3000,1376.1,EUR
TRD_0373,FR15887100,BNP Paribas,2026-03-04,4503,679.33,EUR
TRD_0374,FR22839100,JP Morgan,2026-03-02,1153,425.13,EUR
TRD_0375,FR53943000,JP Morgan,2026-03-08,943,679.88,EUR
TRD_0376,FR71070400,HSBC,2026-03-03,1470,1099.0,EUR
TRD_0377,FR95670300,BNP Paribas,2026-03-04,2733,63.13,EUR
TRD_0378,FR93049600,HSBC,2026-03-12,2522,904.71,EUR
TRD_0379,FR35668700,JP Morgan,2026-03-07,295,939.27,EUR
TRD_0380,FR82545100,JP Morgan,2026-03-10,274,974.65,EUR
TRD_0381,FR20745000,BNP Paribas,2026-03-09,2377,400.93,EUR
TRD_0382,FR27189000,Goldman Sachs,2026-03-02,3457,1085.38,EUR
TRD_0383,FR53874100,Societe Generale,2026-03-03,4926,182.52,EUR
TRD_0384,FR38197400,JP Morgan,2026-03-04,1772,338.94,EUR
TRD_0385,FR50010900,JP Morgan,2026-03-10,3058,1322.33,EUR
TRD_0386,FR21638100,Goldman Sachs,2026-03-01,2391,1121.15,EUR
TRD_0387,FR57312500,Goldman Sachs,2026-03-07,2279,69.93,EUR
TRD_0388,FR67162100,HSBC,2026-03-02,50,410.15,EUR
TRD_0389,FR23450800,HSBC,2026-03-05,77,360.89,EUR
TRD_0390,FR82965000,Societe Generale,2026-03-15,997,442.67,EUR
TRD_0391,FR96264500,Societe Generale,2026-03-01,4018,408.96,EUR
TRD_0392,FR49911100,BNP Paribas,2026-03-03,3208,140.66,EUR
TRD_0393,FR25081000,HSBC,2026-03-12,4800,715.46,EUR
TRD_0394,FR39289000,JP Morgan,2026-03-02,2534,1112.46,EUR
TRD_0395,FR67366500,HSBC,2026-03-01,1095,929.76,EUR
TRD_0396,FR94047700,JP Morgan,2026-03-07,2489,1025.66,EUR
TRD_0397,FR46003200,Goldman Sachs,2026-03-05,1703,167.67,EUR
TRD_0398,FR46959900,HSBC,2026-03-01,2325,1429.66,EUR
TRD_0399,FR76096000,Goldman Sachs,2026-03-06,788,1265.81,EUR
TRD_0400,FR85002000,Societe Generale,2026-03-05,4599,1217.38,EUR
TRD_0401,FR97961100,Societe Generale,2026-03-15,1595,1243.33,EUR
TRD_0402,FR27183600,BNP Paribas,2026-03-03,1502,1402.43,EUR
TRD_0403,FR82990300,HSBC,2026-03-12,670,839.17,EUR
TRD_0404,FR14571400,Goldman Sachs,2026-03-07,1358,340.41,EUR
TRD_0405,FR72723400,JP Morgan,2026-03-11,1309,944.34,EUR
TRD_0406,FR99604800,Societe Generale,2026-03-10,3950,1127.18,EUR
TRD_0407,FR73027100,Societe Generale,2026-03-09,1996,1119.98,EUR
TRD_0408,FR56696000,JP Morgan,2026-03-14,2054,806.1,EUR
TRD_0409,FR81185100,Goldman Sachs,2026-03-13,3526,149.27,EUR
TRD_0410,FR22412300,Goldman Sachs,2026-03-13,1068,588.11,EUR
TRD_0411,FR40562800,HSBC,2026-03-09,986,1385.11,EUR
TRD_0412,FR18298900,HSBC,2026-03-14,4587,897.45,EUR
TRD_0413,FR39835600,BNP Paribas,2026-03-09,737,830.58,EUR
TRD_0414,FR92995700,Societe Generale,2026-03-02,2537,439.84,EUR
TRD_0415,FR27827400,HSBC,2026-03-03,3146,584.25,EUR
TRD_0416,FR78799500,Goldman Sachs,2026-03-07,352,1348.25,EUR
TRD_0417,FR42535200,JP Morgan,2026-03-05,1457,1016.37,EUR
TRD_0418,FR92026000,Goldman Sachs,2026-03-02,2389,1191.71,EUR
TRD_0419,FR51192700,Societe Generale,2026-03-03,3669,708.8,EUR
TRD_0420,FR88985200,Goldman Sachs,2026-03-10,536,963.86,EUR
TRD_0421,FR98318400,BNP Paribas,2026-03-06,1906,410.16,EUR
TRD_0422,FR23137300,Societe Generale,2026-03-13,4764,1072.92,EUR
TRD_0423,FR53845200,JP Morgan,2026-03-07,2083,670.02,EUR
TRD_0424,FR21529400,BNP Paribas,2026-03-09,4925,691.69,EUR
TRD_0425,FR55945100,Societe Generale,2026-03-01,415,991.52,EUR
TRD_0426,FR74830700,JP Morgan,2026-03-11,1583,1407.61,EUR
TRD_0427,FR16572600,BNP Paribas,2026-03-07,4610,142.81,EUR
TRD_0428,FR24156400,BNP Paribas,2026-03-08,3750,1245.88,EUR
TRD_0429,FR47781200,Societe Generale,2026-03-12,4284,473.96,EUR
TRD_0430,FR36824600,HSBC,2026-03-14,4237,693.68,EUR
TRD_0431,FR80569600,BNP Paribas,2026-03-03,1856,81.77,EUR
TRD_0432,FR21801500,BNP Paribas,2026-03-04,1488,486.52,EUR
TRD_0433,FR84067400,JP Morgan,2026-03-10,2405,778.82,EUR
TRD_0434,FR35407900,Goldman Sachs,2026-03-06,781,131.46,EUR
TRD_0435,FR65092900,Societe Generale,2026-03-10,588,762.09,EUR
TRD_0436,FR78994400,Societe Generale,2026-03-07,2911,1394.31,EUR
TRD_0437,FR78810500,HSBC,2026-03-13,203,202.82,EUR
TRD_0438,FR61375800,HSBC,2026-03-14,2017,1158.44,EUR
TRD_0439,FR46589000,Societe Generale,2026-03-04,1195,644.02,EUR
TRD_0440,FR54510100,HSBC,2026-03-08,2404,1000.0,EUR
TRD_0441,FR13663100,JP Morgan,2026-03-05,3008,427.34,EUR
TRD_0442,FR86657700,Societe Generale,2026-03-01,1802,281.26,EUR
TRD_0443,FR17299100,HSBC,2026-03-04,1120,282.67,EUR
TRD_0444,FR10401400,Societe Generale,2026-03-03,4015,152.21,EUR
TRD_0445,FR37323700,Goldman Sachs,2026-03-09,2271,319.19,EUR
TRD_0446,FR11807000,BNP Paribas,2026-03-08,3746,1013.12,EUR
TRD_0447,FR92220900,Societe Generale,2026-03-01,3803,1328.45,EUR
TRD_0448,FR15695800,BNP Paribas,2026-03-11,1946,1230.48,EUR
TRD_0449,FR18207400,HSBC,2026-03-06,4885,1043.44,EUR
TRD_0450,FR63501700,BNP Paribas,2026-03-09,4367,210.13,EUR
TRD_0451,FR85507300,Societe Generale,2026-03-07,739,469.32,EUR
TRD_0452,FR27608900,Goldman Sachs,2026-03-04,4388,499.22,EUR
TRD_0453,FR29739200,HSBC,2026-03-13,3461,412.44,EUR
TRD_0454,FR25882300,Societe Generale,2026-03-01,4467,796.76,EUR
TRD_0455,FR73015200,HSBC,2026-03-12,4546,826.55,EUR
TRD_0456,FR49300200,JP Morgan,2026-03-02,2150,567.48,EUR
TRD_0457,FR83342900,BNP Paribas,2026-03-12,1654,562.99,EUR
TRD_0458,FR59886300,JP Morgan,2026-03-05,2810,1251.41,EUR
TRD_0459,FR46765400,Societe Generale,2026-03-12,4972,1194.47,EUR
TRD_0460,FR67903600,Goldman Sachs,2026-03-11,151,496.3,EUR
TRD_0461,FR63008900,HSBC,2026-03-05,1465,1374.99,EUR
TRD_0462,FR25026200,BNP Paribas,2026-03-08,4806,1431.58,EUR
TRD_0463,FR54290500,HSBC,2026-03-06,2106,523.78,EUR
TRD_0464,FR33536200,Societe Generale,2026-03-08,1335,563.92,EUR
TRD_0465,FR54420900,HSBC,2026-03-02,4986,783.17,EUR
TRD_0466,FR65388000,BNP Paribas,2026-03-03,1223,1414.63,EUR
TRD_0467,FR89707900,Societe Generale,2026-03-06,1169,1320.66,EUR
TRD_0468,FR76407600,HSBC,2026-03-12,4660,198.72,EUR
TRD_0469,FR31996300,Goldman Sachs,2026-03-13,4509,619.46,EUR
TRD_0470,FR58076100,Societe Generale,2026-03-10,4997,852.39,EUR
TRD_0471,FR34871000,Societe Generale,2026-03-03,4707,779.54,EUR
TRD_0472,FR32098400,Goldman Sachs,2026-03-06,350,331.1,EUR
TRD_0473,FR99705900,JP Morgan,2026-03-06,3838,1295.28,EUR
TRD_0474,FR95674800,BNP Paribas,2026-03-02,1978,1031.56,EUR
TRD_0475,FR88235500,JP Morgan,2026-03-07,713,1264.97,EUR
TRD_0476,FR36451200,HSBC,2026-03-12,4423,1295.21,EUR
TRD_0477,FR70186300,Goldman Sachs,2026-03-02,2439,1135.12,EUR
TRD_0478,FR36879900,JP Morgan,2026-03-06,1810,686.86,EUR
TRD_0479,FR33754900,Societe Generale,2026-03-01,4922,935.29,EUR
TRD_0480,FR69431900,HSBC,2026-03-03,4658,282.53,EUR
TRD_0481,FR58429900,HSBC,2026-03-02,865,1026.79,EUR
TRD_0482,FR71221000,JP Morgan,2026-03-07,1822,309.92,EUR
TRD_0483,FR54898200,JP Morgan,2026-03-14,2876,1056.23,EUR
TRD_0484,FR22404600,Goldman Sachs,2026-03-04,3652,382.92,EUR
TRD_0485,FR50661900,BNP Paribas,2026-03-08,192,220.45,EUR
TRD_0486,FR13209700,JP Morgan,2026-03-06,3122,289.66,EUR
TRD_0487,FR76632600,JP Morgan,2026-03-12,4502,52.89,EUR
TRD_0488,FR74915000,Societe Generale,2026-03-10,1527,1092.17,EUR
TRD_0489,FR33022900,HSBC,2026-03-04,1366,1111.98,EUR
TRD_0490,FR21883400,BNP Paribas,2026-03-05,2184,796.65,EUR
TRD_0491,FR19384800,Societe Generale,2026-03-13,3639,283.98,EUR
TRD_0492,FR15292100,Goldman Sachs,2026-03-13,3638,171.15,EUR
TRD_0493,FR80508600,Goldman Sachs,2026-03-15,4106,77.74,EUR
TRD_0494,FR75042900,JP Morgan,2026-03-15,3249,290.33,EUR
TRD_0495,FR80566000,JP Morgan,2026-03-09,3701,1341.74,EUR
TRD_0496,FR38482100,Goldman Sachs,2026-03-07,28,400.23,EUR
TRD_0497,FR15560900,JP Morgan,2026-03-10,3413,563.69,EUR
TRD_0498,FR32789700,BNP Paribas,2026-03-14,4689,202.75,EUR
TRD_0499,FR13102400,JP Morgan,2026-03-14,4561,372.42,EUR
TRD_0500,FR17031300,HSBC,2026-03-09,3014,802.88,EUR
TRD_0501,FR48995700,JP Morgan,2026-03-07,1142,931.24,EUR
TRD_0502,FR28407800,Societe Generale,2026-03-12,3349,405.76,EUR
TRD_0503,FR45742900,BNP Paribas,2026-03-01,3321,133.71,EUR
TRD_0504,FR56124300,Societe Generale,2026-03-12,3382,617.0,EUR
TRD_0505,FR21363200,Societe Generale,2026-03-08,997,389.59,EUR
TRD_0506,FR35145100,HSBC,2026-03-04,3331,368.35,EUR
TRD_0507,FR10305100,BNP Paribas,2026-03-03,4625,1441.8,EUR
TRD_0508,FR80410700,BNP Paribas,2026-03-14,4964,943.64,EUR
TRD_0509,FR47683600,BNP Paribas,2026-03-13,183,857.47,EUR
TRD_0510,FR71152300,BNP Paribas,2026-03-07,3751,652.87,EUR
TRD_0511,FR82177200,BNP Paribas,2026-03-12,3062,671.97,EUR
TRD_0512,FR28940700,HSBC,2026-03-03,736,834.31,EUR
TRD_0513,FR54939500,JP Morgan,2026-03-08,3770,1059.82,EUR
TRD_0514,FR56289400,Societe Generale,2026-03-06,1885,1068.11,EUR
TRD_0515,FR31181000,BNP Paribas,2026-03-05,4043,298.96,EUR
TRD_0516,FR82797500,JP Morgan,2026-03-04,999,775.16,EUR
TRD_0517,FR17352300,JP Morgan,2026-03-08,3754,647.34,EUR
TRD_0518,FR86046300,Societe Generale,2026-03-08,2696,1312.26,EUR
TRD_0519,FR19447600,HSBC,2026-03-12,429,965.56,EUR
TRD_0520,FR33384100,Goldman Sachs,2026-03-01,603,822.13,EUR
TRD_0521,FR90345100,Goldman Sachs,2026-03-09,1784,217.32,EUR
TRD_0522,FR97004500,JP Morgan,2026-03-14,2469,928.17,EUR
TRD_0523,FR32286600,Societe Generale,2026-03-05,945,219.95,EUR
TRD_0524,FR18667200,Goldman Sachs,2026-03-04,3818,538.95,EUR
TRD_0525,FR69813500,JP Morgan,2026-03-06,341,257.12,EUR
TRD_0526,FR44489400,HSBC,2026-03-06,3459,1053.51,EUR
TRD_0527,FR83499400,Goldman Sachs,2026-03-02,2712,349.07,EUR
TRD_0528,FR12825100,JP Morgan,2026-03-08,4016,618.2,EUR
TRD_0529,FR72776900,JP Morgan,2026-03-07,3878,1348.73,EUR
TRD_0530,FR47471000,BNP Paribas,2026-03-01,4210,346.26,EUR
TRD_0531,FR65023300,HSBC,2026-03-05,211,786.32,EUR
TRD_0532,FR97728400,BNP Paribas,2026-03-12,2507,657.94,EUR
TRD_0533,FR13221700,Societe Generale,2026-03-06,1852,76.28,EUR
TRD_0534,FR10830800,BNP Paribas,2026-03-04,1876,1199.5,EUR
TRD_0535,FR36809300,BNP Paribas,2026-03-02,2006,150.12,EUR
TRD_0536,FR28306200,Goldman Sachs,2026-03-13,919,737.67,EUR
TRD_0537,FR49436600,JP Morgan,2026-03-14,4315,862.98,EUR
TRD_0538,FR84484000,HSBC,2026-03-04,4668,961.22,EUR
TRD_0539,FR20023500,BNP Paribas,2026-03-01,3199,1048.52,EUR
TRD_0540,FR17474000,HSBC,2026-03-07,780,417.24,EUR
TRD_0541,FR47849600,BNP Paribas,2026-03-02,3165,64.47,EUR
TRD_0542,FR95304900,Societe Generale,2026-03-13,2511,1098.99,EUR
TRD_0543,FR85020100,BNP Paribas,2026-03-02,2724,826.7,EUR
TRD_0544,FR90332800,Goldman Sachs,2026-03-09,4734,1262.37,EUR
TRD_0545,FR27724700,JP Morgan,2026-03-05,3595,1241.01,EUR
TRD_0546,FR76316500,Societe Generale,2026-03-02,1638,1272.82,EUR
TRD_0547,FR62952500,BNP Paribas,2026-03-11,396,753.39,EUR
TRD_0548,FR12005600,HSBC,2026-03-09,3431,533.76,EUR
TRD_0549,FR27661500,Societe Generale,2026-03-09,4018,1197.76,EUR
TRD_0550,FR28762800,Societe Generale,2026-03-01,4103,704.38,EUR
TRD_0551,FR73883600,BNP Paribas,2026-03-11,4373,315.99,EUR
TRD_0552,FR47363200,Societe Generale,2026-03-03,2476,1289.71,EUR
TRD_0553,FR23441500,HSBC,2026-03-04,2292,1329.71,EUR
TRD_0554,FR50671600,Societe Generale,2026-03-14,1866,726.15,EUR
TRD_0555,FR54643800,HSBC,2026-03-07,2008,159.76,EUR
TRD_0556,FR65366300,BNP Paribas,2026-03-10,1246,612.35,EUR
TRD_0557,FR76502200,JP Morgan,2026-03-04,4679,1215.13,EUR
TRD_0558,FR64125200,Societe Generale,2026-03-02,4154,1357.57,EUR
TRD_0559,FR73771700,JP Morgan,2026-03-07,1160,345.04,EUR
TRD_0560,FR35276400,HSBC,2026-03-06,4328,147.11,EUR
TRD_0561,FR81499800,Societe Generale,2026-03-03,1441,1322.16,EUR
TRD_0562,FR56688200,Goldman Sachs,2026-03-06,1829,614.64,EUR
TRD_0563,FR84042700,JP Morgan,2026-03-11,2334,835.55,EUR
TRD_0564,FR61215300,Societe Generale,2026-03-15,1140,1453.7,EUR
TRD_0565,FR16721500,JP Morgan,2026-03-06,2668,146.52,EUR
TRD_0566,FR95547400,Societe Generale,2026-03-12,3510,990.06,EUR
TRD_0567,FR24435600,BNP Paribas,2026-03-05,384,157.45,EUR
TRD_0568,FR30386100,JP Morgan,2026-03-04,2130,594.43,EUR
TRD_0569,FR45561200,Goldman Sachs,2026-03-10,4030,1215.53,EUR
TRD_0570,FR55460500,Goldman Sachs,2026-03-12,2031,678.53,EUR
TRD_0571,FR10943500,HSBC,2026-03-15,3715,1495.91,EUR
TRD_0572,FR54755600,Societe Generale,2026-03-01,3269,860.64,EUR
TRD_0573,FR79943800,JP Morgan,2026-03-10,3445,515.69,EUR
TRD_0574,FR96526400,HSBC,2026-03-06,1899,369.16,EUR
TRD_0575,FR67558100,JP Morgan,2026-03-02,1833,558.25,EUR
TRD_0576,FR17878100,Societe Generale,2026-03-13,1484,590.17,EUR
TRD_0577,FR29147500,Goldman Sachs,2026-03-03,2252,149.63,EUR
TRD_0578,FR26019600,BNP Paribas,2026-03-14,3253,585.88,EUR
TRD_0579,FR32650700,Goldman Sachs,2026-03-08,3144,723.15,EUR
TRD_0580,FR40606300,HSBC,2026-03-10,2080,1097.97,EUR
TRD_0581,FR86412100,BNP Paribas,2026-03-14,369,1002.26,EUR
TRD_0582,FR87666500,HSBC,2026-03-14,2051,1077.71,EUR
TRD_0583,FR79060700,Societe Generale,2026-03-06,1151,62.13,EUR
TRD_0584,FR22117200,BNP Paribas,2026-03-03,1645,365.62,EUR
TRD_0585,FR45690200,HSBC,2026-03-07,4010,1009.44,EUR
TRD_0586,FR58496300,Societe Generale,2026-03-04,1953,751.78,EUR
TRD_0587,FR55596800,Goldman Sachs,2026-03-14,4784,57.7,EUR
TRD_0588,FR41871700,Societe Generale,2026-03-09,3371,1216.52,EUR
TRD_0589,FR15910100,JP Morgan,2026-03-15,2990,1170.57,EUR
TRD_0590,FR59597200,Societe Generale,2026-03-05,16,845.21,EUR
TRD_0591,FR38879000,Societe Generale,2026-03-03,3277,146.37,EUR
TRD_0592,FR99061700,JP Morgan,2026-03-02,1601,1161.45,EUR
TRD_0593,FR64733700,HSBC,2026-03-11,4938,896.38,EUR
TRD_0594,FR83496500,HSBC,2026-03-02,3274,1183.84,EUR
TRD_0595,FR46026000,Societe Generale,2026-03-03,2616,1140.03,EUR
TRD_0596,FR98381100,JP Morgan,2026-03-02,3229,1214.35,EUR
TRD_0597,FR69267300,JP Morgan,2026-03-14,3283,801.11,EUR
TRD_0598,FR75041900,Goldman Sachs,2026-03-04,923,253.47,EUR
TRD_0599,FR53337400,HSBC,2026-03-02,2021,1023.18,EUR
TRD_0600,FR82077700,BNP Paribas,2026-03-10,1452,949.69,EUR
TRD_0601,FR64757700,HSBC,2026-03-09,3064,1126.27,EUR
TRD_0602,FR47237000,HSBC,2026-03-02,3556,296.33,EUR
TRD_0603,FR98722500,Goldman Sachs,2026-03-09,4231,332.71,EUR
TRD_0604,FR37196700,BNP Paribas,2026-03-13,4922,1341.09,EUR
TRD_0605,FR29123200,Goldman Sachs,2026-03-06,2938,1137.47,EUR
TRD_0606,FR40411900,BNP Paribas,2026-03-01,1839,1366.93,EUR
TRD_0607,FR10954000,Societe Generale,2026-03-04,585,1150.14,EUR
TRD_0608,FR64065200,BNP Paribas,2026-03-15,939,915.88,EUR
TRD_0609,FR49782700,Goldman Sachs,2026-03-14,3769,998.49,EUR
TRD_0610,FR65195100,HSBC,2026-03-01,3709,1339.24,EUR
TRD_0611,FR15199100,BNP Paribas,2026-03-14,1473,889.27,EUR
TRD_0612,FR28875100,BNP Paribas,2026-03-06,3285,966.97,EUR
TRD_0613,FR46632600,JP Morgan,2026-03-14,4938,276.89,EUR
TRD_0614,FR78633700,HSBC,2026-03-13,1064,737.19,EUR
TRD_0615,FR71899200,Societe Generale,2026-03-04,1910,1088.78,EUR
TRD_0616,FR14911500,Goldman Sachs,2026-03-03,1467,442.87,EUR
TRD_0617,FR45315100,Societe Generale,2026-03-03,1409,343.27,EUR
TRD_0618,FR84358300,HSBC,2026-03-09,3425,505.05,EUR
TRD_0619,FR29196200,BNP Paribas,2026-03-06,452,400.18,EUR
TRD_0620,FR82174700,BNP Paribas,2026-03-09,3660,361.62,EUR
TRD_0621,FR24914300,HSBC,2026-03-13,4662,666.03,EUR
TRD_0622,FR81463500,BNP Paribas,2026-03-05,1188,1366.37,EUR
TRD_0623,FR63622600,BNP Paribas,2026-03-02,4468,785.24,EUR
TRD_0624,FR45382400,BNP Paribas,2026-03-08,1267,322.48,EUR
TRD_0625,FR10400000,Goldman Sachs,2026-03-05,3644,161.61,EUR
TRD_0626,FR82594800,Goldman Sachs,2026-03-02,1851,1059.43,EUR
TRD_0627,FR98747400,JP Morgan,2026-03-04,2319,605.06,EUR
TRD_0628,FR45575400,Societe Generale,2026-03-09,920,1241.65,EUR
TRD_0629,FR35149200,HSBC,2026-03-15,4350,1006.29,EUR
TRD_0630,FR99012300,HSBC,2026-03-04,4647,1204.55,EUR
TRD_0631,FR59952200,HSBC,2026-03-13,4019,444.32,EUR
TRD_0632,FR59107200,JP Morgan,2026-03-12,2179,1053.92,EUR
TRD_0633,FR13830400,Goldman Sachs,2026-03-12,2182,432.89,EUR
TRD_0634,FR60499900,JP Morgan,2026-03-12,133,1411.65,EUR
TRD_0635,FR43159300,HSBC,2026-03-13,3168,972.74,EUR
TRD_0636,FR70727400,Societe Generale,2026-03-15,795,520.54,EUR
TRD_0637,FR25183600,BNP Paribas,2026-03-14,2426,440.79,EUR
TRD_0638,FR20894000,Goldman Sachs,2026-03-04,806,326.84,EUR
TRD_0639,FR92492600,Goldman Sachs,2026-03-02,4182,1057.23,EUR
TRD_0640,FR36551700,JP Morgan,2026-03-13,4164,367.14,EUR
TRD_0641,FR76752100,Goldman Sachs,2026-03-12,1946,913.19,EUR
TRD_0642,FR72182000,HSBC,2026-03-15,2166,433.72,EUR
TRD_0643,FR97909000,HSBC,2026-03-06,3817,1009.85,EUR
TRD_0644,FR48577700,JP Morgan,2026-03-13,1311,1231.66,EUR
TRD_0645,FR72467400,HSBC,2026-03-11,4173,1178.14,EUR
TRD_0646,FR65163800,Societe Generale,2026-03-14,3150,1153.23,EUR
TRD_0647,FR71729600,JP Morgan,2026-03-02,3246,322.2,EUR
TRD_0648,FR98072900,Societe Generale,2026-03-12,2362,178.16,EUR
TRD_0649,FR64963900,BNP Paribas,2026-03-07,1942,1063.48,EUR
TRD_0650,FR71295600,Societe Generale,2026-03-03,2731,584.1,EUR
TRD_0651,FR73887300,BNP Paribas,2026-03-15,374,676.9,EUR
TRD_0652,FR43749700,BNP Paribas,2026-03-03,4926,95.17,EUR
TRD_0653,FR30786900,Societe Generale,2026-03-05,2400,426.39,EUR
TRD_0654,FR16595300,JP Morgan,2026-03-03,956,98.83,EUR
TRD_0655,FR94389000,HSBC,2026-03-02,1387,1324.82,EUR
TRD_0656,FR60032800,HSBC,2026-03-10,1449,402.93,EUR
TRD_0657,FR90679000,BNP Paribas,2026-03-09,3190,858.14,EUR
TRD_0658,FR10326700,BNP Paribas,2026-03-02,4867,106.52,EUR
TRD_0659,FR18274500,JP Morgan,2026-03-14,350,1016.93,EUR
TRD_0660,FR97602000,Goldman Sachs,2026-03-11,2999,518.39,EUR
TRD_0661,FR92494500,Societe Generale,2026-03-02,392,1351.98,EUR
TRD_0662,FR25716400,BNP Paribas,2026-03-13,1566,1337.77,EUR
TRD_0663,FR63562600,HSBC,2026-03-15,309,521.67,EUR
TRD_0664,FR23148400,JP Morgan,2026-03-08,148,1356.39,EUR
TRD_0665,FR63183100,Societe Generale,2026-03-15,368,1494.43,EUR
TRD_0666,FR99232300,JP Morgan,2026-03-09,4941,1246.85,EUR
TRD_0667,FR16069200,Societe Generale,2026-03-07,1532,1275.06,EUR
TRD_0668,FR32015600,Societe Generale,2026-03-03,3466,411.06,EUR
TRD_0669,FR32399200,BNP Paribas,2026-03-09,1637,886.22,EUR
TRD_0670,FR61677100,JP Morgan,2026-03-03,1313,147.52,EUR
TRD_0671,FR93085700,JP Morgan,2026-03-05,1144,187.63,EUR
TRD_0672,FR66304400,HSBC,2026-03-09,2196,1498.39,EUR
TRD_0673,FR64317600,HSBC,2026-03-12,3180,523.63,EUR
TRD_0674,FR79109500,BNP Paribas,2026-03-14,3845,1134.87,EUR
TRD_0675,FR93372700,BNP Paribas,2026-03-14,2161,1219.66,EUR
TRD_0676,FR21435200,Goldman Sachs,2026-03-03,1247,1294.13,EUR
TRD_0677,FR96947400,HSBC,2026-03-07,3745,1496.56,EUR
TRD_0678,FR18599900,Societe Generale,2026-03-12,2844,400.17,EUR
TRD_0679,FR11795500,JP Morgan,2026-03-01,4270,108.51,EUR
TRD_0680,FR92427300,BNP Paribas,2026-03-04,1008,646.23,EUR
TRD_0681,FR17064000,JP Morgan,2026-03-04,2577,238.62,EUR
TRD_0682,FR29658200,JP Morgan,2026-03-07,1317,82.52,EUR
TRD_0683,FR84408600,Goldman Sachs,2026-03-08,666,572.62,EUR
TRD_0684,FR50057300,HSBC,2026-03-01,2670,1186.42,EUR
TRD_0685,FR52569500,BNP Paribas,2026-03-05,2221,870.96,EUR
TRD_0686,FR16147600,JP Morgan,2026-03-07,1919,503.53,EUR
TRD_0687,FR40695500,BNP Paribas,2026-03-12,3740,998.8,EUR
TRD_0688,FR26728000,Societe Generale,2026-03-04,2056,386.43,EUR
TRD_0689,FR77551000,Goldman Sachs,2026-03-13,3172,70.85,EUR
TRD_0690,FR69546800,Societe Generale,2026-03-04,1150,1158.31,EUR
TRD_0691,FR79864600,BNP Paribas,2026-03-04,276,954.43,EUR
TRD_0692,FR73714400,BNP Paribas,2026-03-12,1855,1155.34,EUR
TRD_0693,FR95488200,HSBC,2026-03-06,1718,106.46,EUR
TRD_0694,FR51456800,JP Morgan,2026-03-07,3640,1263.82,EUR
TRD_0695,FR28614100,JP Morgan,2026-03-02,3221,948.31,EUR
TRD_0696,FR99832000,Societe Generale,2026-03-15,2303,866.92,EUR
TRD_0697,FR73473600,Goldman Sachs,2026-03-05,3742,955.69,EUR
TRD_0698,FR63868500,JP Morgan,2026-03-04,3839,1303.43,EUR
TRD_0699,FR27803100,HSBC,2026-03-15,1520,901.06,EUR
TRD_0700,FR21918000,Societe Generale,2026-03-14,485,892.38,EUR
TRD_0701,FR16623400,Societe Generale,2026-03-13,986,1486.48,EUR
TRD_0702,FR66424200,HSBC,2026-03-03,1217,1147.26,EUR
TRD_0703,FR27835200,Goldman Sachs,2026-03-07,1970,691.33,EUR
TRD_0704,FR17945900,HSBC,2026-03-11,567,1075.73,EUR
TRD_0705,FR50999500,Goldman Sachs,2026-03-12,892,614.38,EUR
TRD_0706,FR29500400,HSBC,2026-03-06,2204,381.87,EUR
TRD_0707,FR56615200,HSBC,2026-03-14,4771,915.44,EUR
TRD_0708,FR82525600,BNP Paribas,2026-03-07,2677,1395.86,EUR
TRD_0709,FR15916300,Societe Generale,2026-03-05,4969,1397.25,EUR
TRD_0710,FR57585300,HSBC,2026-03-13,4687,545.76,EUR
TRD_0711,FR15193400,HSBC,2026-03-06,4800,815.13,EUR
TRD_0712,FR82025500,JP Morgan,2026-03-05,1620,356.87,EUR
TRD_0713,FR52552300,Societe Generale,2026-03-14,3498,1493.67,EUR
TRD_0714,FR94053000,JP Morgan,2026-03-07,2464,1472.62,EUR
TRD_0715,FR55413700,Societe Generale,2026-03-02,4504,991.79,EUR
TRD_0716,FR10548600,JP Morgan,2026-03-14,1956,1216.4,EUR
TRD_0717,FR23940700,HSBC,2026-03-11,4820,1086.9,EUR
TRD_0718,FR97333200,HSBC,2026-03-05,4809,910.08,EUR
TRD_0719,FR75030800,BNP Paribas,2026-03-06,2818,127.35,EUR
TRD_0720,FR72708300,JP Morgan,2026-03-06,3835,709.41,EUR
TRD_0721,FR32018400,Goldman Sachs,2026-03-15,3546,1028.44,EUR
TRD_0722,FR76649000,BNP Paribas,2026-03-05,3812,1032.42,EUR
TRD_0723,FR44965200,JP Morgan,2026-03-10,4187,591.03,EUR
TRD_0724,FR86131500,JP Morgan,2026-03-07,4709,1415.45,EUR
TRD_0725,FR74261200,BNP Paribas,2026-03-10,1980,292.67,EUR
TRD_0726,FR42271000,HSBC,2026-03-08,3832,775.52,EUR
TRD_0727,FR29777500,JP Morgan,2026-03-07,2829,1051.78,EUR
TRD_0728,FR38933600,HSBC,2026-03-05,912,1060.85,EUR
TRD_0729,FR88749400,BNP Paribas,2026-03-01,374,990.53,EUR
TRD_0730,FR70836400,HSBC,2026-03-13,4268,449.17,EUR
TRD_0731,FR18978000,Societe Generale,2026-03-05,3129,276.5,EUR
TRD_0732,FR25261700,Goldman Sachs,2026-03-10,2568,972.11,EUR
TRD_0733,FR64597700,JP Morgan,2026-03-02,1873,918.99,EUR
TRD_0734,FR89760600,Goldman Sachs,2026-03-13,125,310.07,EUR
TRD_0735,FR45060500,HSBC,2026-03-05,2394,1072.45,EUR
TRD_0736,FR98946500,JP Morgan,2026-03-05,4986,710.0,EUR
TRD_0737,FR63363600,HSBC,2026-03-02,3945,1018.25,EUR
TRD_0738,FR13810200,Societe Generale,2026-03-05,4945,1264.18,EUR
TRD_0739,FR17446000,BNP Paribas,2026-03-13,2500,296.11,EUR
TRD_0740,FR46477800,JP Morgan,2026-03-04,952,77.76,EUR
TRD_0741,FR18993000,Societe Generale,2026-03-01,1734,1179.7,EUR
TRD_0742,FR63108900,Societe Generale,2026-03-03,2344,934.06,EUR
TRD_0743,FR72743800,JP Morgan,2026-03-01,2777,1064.48,EUR
TRD_0744,FR82762700,HSBC,2026-03-12,1147,1265.32,EUR
TRD_0745,FR27920800,Societe Generale,2026-03-11,2537,1214.08,EUR
TRD_0746,FR25469700,Goldman Sachs,2026-03-15,4127,1443.33,EUR
TRD_0747,FR31394500,Societe Generale,2026-03-05,3430,827.11,EUR
TRD_0748,FR33191500,HSBC,2026-03-04,4788,758.32,EUR
TRD_0749,FR82795200,HSBC,2026-03-07,3916,632.74,EUR
TRD_0750,FR30812400,Goldman Sachs,2026-03-05,3647,272.85,EUR
TRD_0751,FR53747700,Societe Generale,2026-03-10,2963,880.28,EUR
TRD_0752,FR62583000,HSBC,2026-03-14,2377,451.67,EUR
TRD_0753,FR38382100,JP Morgan,2026-03-04,4231,1385.9,EUR
TRD_0754,FR27780400,BNP Paribas,2026-03-02,286,895.63,EUR
TRD_0755,FR80570300,BNP Paribas,2026-03-04,2009,909.62,EUR
TRD_0756,FR13908100,BNP Paribas,2026-03-12,1237,564.64,EUR
TRD_0757,FR81821600,Societe Generale,2026-03-02,3762,125.38,EUR
TRD_0758,FR45524900,Goldman Sachs,2026-03-08,3745,96.03,EUR
TRD_0759,FR31993000,HSBC,2026-03-03,705,663.84,EUR
TRD_0760,FR90549700,JP Morgan,2026-03-09,1319,172.62,EUR
TRD_0761,FR61731300,JP Morgan,2026-03-13,4162,929.93,EUR
TRD_0762,FR31453200,Societe Generale,2026-03-04,3244,1327.41,EUR
TRD_0763,FR71238000,BNP Paribas,2026-03-13,4124,1330.23,EUR
TRD_0764,FR61933200,Societe Generale,2026-03-06,2321,1005.62,EUR
TRD_0765,FR41683700,Goldman Sachs,2026-03-10,2851,356.29,EUR
TRD_0766,FR38910600,Goldman Sachs,2026-03-05,4218,1301.35,EUR
TRD_0767,FR12829500,HSBC,2026-03-10,3569,1334.84,EUR
TRD_0768,FR11380700,HSBC,2026-03-13,3408,335.15,EUR
TRD_0769,FR53556400,Goldman Sachs,2026-03-01,551,1119.27,EUR
TRD_0770,FR25750400,Goldman Sachs,2026-03-09,2704,465.45,EUR
TRD_0771,FR33806700,Goldman Sachs,2026-03-01,4684,1213.83,EUR
TRD_0772,FR58500800,Societe Generale,2026-03-08,1098,1495.99,EUR
TRD_0773,FR79244000,Goldman Sachs,2026-03-09,3373,93.54,EUR
TRD_0774,FR49454000,JP Morgan,2026-03-09,34,1351.18,EUR
TRD_0775,FR97769900,BNP Paribas,2026-03-01,1582,952.81,EUR
TRD_0776,FR61792300,Goldman Sachs,2026-03-02,2968,1461.4,EUR
TRD_0777,FR26698100,BNP Paribas,2026-03-12,4246,724.26,EUR
TRD_0778,FR84469900,Societe Generale,2026-03-13,1777,1278.71,EUR
TRD_0779,FR11987000,BNP Paribas,2026-03-01,4753,140.47,EUR
TRD_0780,FR30319600,Societe Generale,2026-03-10,2245,536.15,EUR
TRD_0781,FR34868300,JP Morgan,2026-03-02,210,147.17,EUR
TRD_0782,FR33467700,Societe Generale,2026-03-10,3208,1464.25,EUR
TRD_0783,FR12679000,Societe Generale,2026-03-12,266,1234.61,EUR
TRD_0784,FR74316200,HSBC,2026-03-08,3757,1286.19,EUR
TRD_0785,FR91172100,Goldman Sachs,2026-03-05,4652,1410.05,EUR
TRD_0786,FR54834500,Goldman Sachs,2026-03-12,2251,173.4,EUR
TRD_0787,FR84907400,JP Morgan,2026-03-11,3185,609.12,EUR
TRD_0788,FR58746200,JP Morgan,2026-03-07,3616,153.0,EUR
TRD_0789,FR63977300,Goldman Sachs,2026-03-02,3346,355.65,EUR
TRD_0790,FR93091400,HSBC,2026-03-08,4907,382.58,EUR
TRD_0791,FR18618800,Goldman Sachs,2026-03-11,423,730.21,EUR
TRD_0792,FR62903600,HSBC,2026-03-06,2024,439.42,EUR
TRD_0793,FR84212900,JP Morgan,2026-03-08,1391,196.42,EUR
TRD_0794,FR76479500,BNP Paribas,2026-03-01,1108,292.86,EUR
TRD_0795,FR89014100,JP Morgan,2026-03-15,3436,263.55,EUR
TRD_0796,FR74824900,JP Morgan,2026-03-01,3665,1460.96,EUR
TRD_0797,FR13035500,Societe Generale,2026-03-12,919,1150.97,EUR
TRD_0798,FR81113100,Societe Generale,2026-03-07,197,1453.25,EUR
TRD_0799,FR55101500,Societe Generale,2026-03-08,4054,687.62,EUR
TRD_0800,FR50633200,Societe Generale,2026-03-13,3766,453.63,EUR
TRD_0801,FR25654200,HSBC,2026-03-03,2025,1207.53,EUR
TRD_0802,FR27341600,Goldman Sachs,2026-03-05,2102,523.07,EUR
TRD_0803,FR40506200,BNP Paribas,2026-03-12,3654,484.11,EUR
TRD_0804,FR93865600,JP Morgan,2026-03-01,2140,387.13,EUR
TRD_0805,FR66358600,HSBC,2026-03-07,367,238.03,EUR
TRD_0806,FR60170800,BNP Paribas,2026-03-05,2432,421.87,EUR
TRD_0807,FR96665100,HSBC,2026-03-08,4267,565.21,EUR
TRD_0808,FR16162900,HSBC,2026-03-13,4555,1027.29,EUR
TRD_0809,FR42818400,JP Morgan,2026-03-08,1507,140.72,EUR
TRD_0810,FR59273400,Goldman Sachs,2026-03-09,2168,355.24,EUR
TRD_0811,FR85519500,Societe Generale,2026-03-07,2565,1223.08,EUR
TRD_0812,FR39016000,Goldman Sachs,2026-03-11,2352,263.04,EUR
TRD_0813,FR64824800,JP Morgan,2026-03-01,2961,546.84,EUR
TRD_0814,FR92002300,JP Morgan,2026-03-13,1248,1303.76,EUR
TRD_0815,FR31392000,JP Morgan,2026-03-03,983,274.64,EUR
TRD_0816,FR98976500,BNP Paribas,2026-03-08,4737,169.97,EUR
TRD_0817,FR34280400,Goldman Sachs,2026-03-03,3975,752.58,EUR
TRD_0818,FR47696500,Goldman Sachs,2026-03-08,1060,488.51,EUR
TRD_0819,FR56085700,HSBC,2026-03-01,3711,866.94,EUR
TRD_0820,FR92282700,HSBC,2026-03-05,2790,1215.52,EUR
TRD_0821,FR60449200,HSBC,2026-03-04,1598,248.87,EUR
TRD_0822,FR75398300,JP Morgan,2026-03-05,3888,892.01,EUR
TRD_0823,FR51591600,Goldman Sachs,2026-03-08,2378,782.99,EUR
TRD_0824,FR92105200,JP Morgan,2026-03-10,446,258.91,EUR
TRD_0825,FR85857400,BNP Paribas,2026-03-15,2838,954.8,EUR
TRD_0826,FR22814800,HSBC,2026-03-14,1566,446.78,EUR
TRD_0827,FR90699100,JP Morgan,2026-03-04,3868,757.36,EUR
TRD_0828,FR58626100,JP Morgan,2026-03-11,1314,169.29,EUR
TRD_0829,FR45554000,BNP Paribas,2026-03-04,2394,716.4,EUR
TRD_0830,FR29271400,Societe Generale,2026-03-15,192,494.37,EUR
TRD_0831,FR83189900,Goldman Sachs,2026-03-03,1599,1242.45,EUR
TRD_0832,FR38387600,Societe Generale,2026-03-07,1597,132.62,EUR
TRD_0833,FR35974700,HSBC,2026-03-03,669,656.98,EUR
TRD_0834,FR71565000,JP Morgan,2026-03-12,169,714.73,EUR
TRD_0835,FR52357000,BNP Paribas,2026-03-03,3963,1101.26,EUR
TRD_0836,FR37598700,BNP Paribas,2026-03-11,1021,882.72,EUR
TRD_0837,FR73835300,Goldman Sachs,2026-03-10,62,1017.46,EUR
TRD_0838,FR95815800,Societe Generale,2026-03-05,2317,1176.72,EUR
TRD_0839,FR11764000,Goldman Sachs,2026-03-05,1238,1300.19,EUR
TRD_0840,FR15252800,JP Morgan,2026-03-14,1045,505.12,EUR
TRD_0841,FR92484500,Goldman Sachs,2026-03-06,3712,830.13,EUR
TRD_0842,FR35921400,BNP Paribas,2026-03-08,4055,1268.16,EUR
TRD_0843,FR93907000,BNP Paribas,2026-03-10,4955,1484.7,EUR
TRD_0844,FR60110800,HSBC,2026-03-06,4459,1339.8,EUR
TRD_0845,FR73442100,HSBC,2026-03-15,1274,588.63,EUR
TRD_0846,FR46850100,JP Morgan,2026-03-12,1894,332.99,EUR
TRD_0847,FR82422600,Societe Generale,2026-03-01,1819,759.62,EUR
TRD_0848,FR25015900,Goldman Sachs,2026-03-15,3177,1125.38,EUR
TRD_0849,FR27250200,JP Morgan,2026-03-08,3807,764.23,EUR
TRD_0850,FR25557600,HSBC,2026-03-08,2351,750.61,EUR
TRD_0851,FR96529100,Goldman Sachs,2026-03-09,3424,1265.43,EUR
TRD_0852,FR98608900,HSBC,2026-03-09,827,574.04,EUR
TRD_0853,FR11102300,Goldman Sachs,2026-03-02,2447,1296.7,EUR
TRD_0854,FR64573500,Societe Generale,2026-03-15,898,639.87,EUR
TRD_0855,FR48804300,JP Morgan,2026-03-02,677,525.94,EUR
TRD_0856,FR38610300,Goldman Sachs,2026-03-03,4738,708.29,EUR
TRD_0857,FR16620300,BNP Paribas,2026-03-01,2634,1155.55,EUR
TRD_0858,FR26077500,BNP Paribas,2026-03-04,4242,232.7,EUR
TRD_0859,FR10933700,Goldman Sachs,2026-03-14,4533,334.81,EUR
TRD_0860,FR67071500,Goldman Sachs,2026-03-04,828,1429.59,EUR
TRD_0861,FR61472300,Goldman Sachs,2026-03-14,2198,304.46,EUR
TRD_0862,FR42367300,BNP Paribas,2026-03-09,1116,873.2,EUR
TRD_0863,FR46416700,BNP Paribas,2026-03-09,2234,890.01,EUR
TRD_0864,FR44680900,Goldman Sachs,2026-03-09,207,759.96,EUR
TRD_0865,FR73007500,HSBC,2026-03-10,2681,984.88,EUR
TRD_0866,FR78728100,HSBC,2026-03-07,3502,383.25,EUR
TRD_0867,FR39545100,Societe Generale,2026-03-14,2458,851.36,EUR
TRD_0868,FR52057100,JP Morgan,2026-03-15,480,589.65,EUR
TRD_0869,FR22701600,HSBC,2026-03-02,1958,1009.42,EUR
TRD_0870,FR89126700,BNP Paribas,2026-03-10,3909,254.77,EUR
TRD_0871,FR64444700,HSBC,2026-03-05,2020,877.77,EUR
TRD_0872,FR59756200,Societe Generale,2026-03-04,3810,318.64,EUR
TRD_0873,FR80296500,Societe Generale,2026-03-12,4128,454.03,EUR
TRD_0874,FR48393400,JP Morgan,2026-03-11,3806,367.13,EUR
TRD_0875,FR99204800,HSBC,2026-03-08,3998,315.11,EUR
TRD_0876,FR96518400,BNP Paribas,2026-03-02,244,1247.28,EUR
TRD_0877,FR41742800,BNP Paribas,2026-03-06,938,464.28,EUR
TRD_0878,FR41918700,Goldman Sachs,2026-03-13,3617,1394.33,EUR
TRD_0879,FR79090700,BNP Paribas,2026-03-05,532,1456.39,EUR
TRD_0880,FR98343900,JP Morgan,2026-03-15,3533,878.33,EUR
TRD_0881,FR18284400,JP Morgan,2026-03-12,4536,257.35,EUR
TRD_0882,FR65182000,BNP Paribas,2026-03-02,4898,593.09,EUR
TRD_0883,FR26542100,BNP Paribas,2026-03-11,1639,1206.71,EUR
TRD_0884,FR22240200,Goldman Sachs,2026-03-10,4638,582.72,EUR
TRD_0885,FR21801200,BNP Paribas,2026-03-15,1326,176.17,EUR
TRD_0886,FR53866100,Goldman Sachs,2026-03-01,2867,857.34,EUR
TRD_0887,FR49892900,Goldman Sachs,2026-03-08,1134,1275.43,EUR
TRD_0888,FR68046600,BNP Paribas,2026-03-02,2597,1204.09,EUR
TRD_0889,FR67369500,Societe Generale,2026-03-07,1033,303.93,EUR
TRD_0890,FR56355600,Societe Generale,2026-03-09,1388,1025.51,EUR
TRD_0891,FR67527800,Goldman Sachs,2026-03-09,3384,369.73,EUR
TRD_0892,FR22947300,BNP Paribas,2026-03-08,1529,366.4,EUR
TRD_0893,FR57800700,Societe Generale,2026-03-11,236,1317.4,EUR
TRD_0894,FR94457300,BNP Paribas,2026-03-14,4978,412.02,EUR
TRD_0895,FR51700900,BNP Paribas,2026-03-12,901,431.71,EUR
TRD_0896,FR41871400,BNP Paribas,2026-03-10,4082,50.95,EUR
TRD_0897,FR32615600,HSBC,2026-03-09,2267,1312.47,EUR
TRD_0898,FR26896400,BNP Paribas,2026-03-02,2798,1199.26,EUR
TRD_0899,FR62530300,HSBC,2026-03-06,406,959.63,EUR
TRD_0900,FR16181300,Goldman Sachs,2026-03-04,2088,1137.89,EUR
TRD_0901,FR12771200,Societe Generale,2026-03-14,4754,270.47,EUR
TRD_0902,FR72478500,Societe Generale,2026-03-04,4434,714.57,EUR
TRD_0903,FR86721400,Societe Generale,2026-03-05,3247,559.27,EUR
TRD_0904,FR21281600,Societe Generale,2026-03-12,3903,185.98,EUR
TRD_0905,FR22877800,Societe Generale,2026-03-03,2015,754.89,EUR
TRD_0906,FR68658000,Societe Generale,2026-03-14,2026,1385.07,EUR
TRD_0907,FR38597700,Societe Generale,2026-03-01,3181,108.09,EUR
TRD_0908,FR23523000,Goldman Sachs,2026-03-08,2678,472.62,EUR
TRD_0909,FR81804000,BNP Paribas,2026-03-05,1888,350.93,EUR
TRD_0910,FR90674100,JP Morgan,2026-03-03,1206,395.31,EUR
TRD_0911,FR36911400,HSBC,2026-03-10,1782,1367.23,EUR
TRD_0912,FR43461800,JP Morgan,2026-03-14,171,728.7,EUR
TRD_0913,FR93297200,JP Morgan,2026-03-07,3986,726.13,EUR
TRD_0914,FR25145600,BNP Paribas,2026-03-07,1761,1152.83,EUR
TRD_0915,FR90444900,BNP Paribas,2026-03-01,785,274.01,EUR
TRD_0916,FR96231200,BNP Paribas,2026-03-12,949,756.53,EUR
TRD_0917,FR20557000,Societe Generale,2026-03-09,3230,673.48,EUR
TRD_0918,FR37084600,Goldman Sachs,2026-03-15,549,915.52,EUR
TRD_0919,FR10040400,Societe Generale,2026-03-02,4927,1499.36,EUR
TRD_0920,FR80328600,Goldman Sachs,2026-03-05,1471,1165.7,EUR
TRD_0921,FR37490700,Goldman Sachs,2026-03-13,365,626.91,EUR
TRD_0922,FR77374400,JP Morgan,2026-03-14,3614,1249.95,EUR
TRD_0923,FR81546000,JP Morgan,2026-03-05,3333,297.53,EUR
TRD_0924,FR98457400,Goldman Sachs,2026-03-14,244,94.17,EUR
TRD_0925,FR76522000,Goldman Sachs,2026-03-08,1558,346.45,EUR
TRD_0926,FR33536500,Societe Generale,2026-03-14,2106,543.6,EUR
TRD_0927,FR44278600,Societe Generale,2026-03-08,4223,790.34,EUR
TRD_0928,FR15061200,JP Morgan,2026-03-14,2111,941.94,EUR
TRD_0929,FR91000600,BNP Paribas,2026-03-07,1683,1370.38,EUR
TRD_0930,FR90995600,Goldman Sachs,2026-03-07,2110,789.29,EUR
TRD_0931,FR30024400,Societe Generale,2026-03-12,3667,776.85,EUR
TRD_0932,FR89734800,JP Morgan,2026-03-11,4663,122.85,EUR
TRD_0933,FR10480900,Societe Generale,2026-03-06,3606,100.62,EUR
TRD_0934,FR26327300,Goldman Sachs,2026-03-06,3758,849.18,EUR
TRD_0935,FR80869000,Goldman Sachs,2026-03-11,3183,685.36,EUR
TRD_0936,FR24452800,HSBC,2026-03-09,1825,1266.81,EUR
TRD_0937,FR60696400,BNP Paribas,2026-03-06,3851,282.99,EUR
TRD_0938,FR54961300,HSBC,2026-03-12,2015,86.21,EUR
TRD_0939,FR13876500,JP Morgan,2026-03-13,4503,701.11,EUR
TRD_0940,FR93153800,Societe Generale,2026-03-13,684,394.34,EUR
TRD_0941,FR41607600,JP Morgan,2026-03-02,396,121.94,EUR
TRD_0942,FR94352300,Goldman Sachs,2026-03-02,2168,1100.67,EUR
TRD_0943,FR64623700,HSBC,2026-03-13,2671,211.81,EUR
TRD_0944,FR30115200,HSBC,2026-03-05,2074,932.06,EUR
TRD_0945,FR39988800,HSBC,2026-03-15,3861,457.52,EUR
TRD_0946,FR80090300,JP Morgan,2026-03-04,3263,301.57,EUR
TRD_0947,FR99475100,Goldman Sachs,2026-03-11,4989,600.64,EUR
TRD_0948,FR19219300,Societe Generale,2026-03-02,4646,1212.1,EUR
TRD_0949,FR13618700,Societe Generale,2026-03-15,4276,618.54,EUR
TRD_0950,FR60595000,JP Morgan,2026-03-15,749,1138.62,EUR
TRD_0951,FR23831100,HSBC,2026-03-03,1411,231.96,EUR
TRD_0952,FR90092100,BNP Paribas,2026-03-07,3269,1170.52,EUR
TRD_0953,FR60815300,JP Morgan,2026-03-08,2287,393.55,EUR
TRD_0954,FR28908900,JP Morgan,2026-03-12,3914,1032.22,EUR
TRD_0955,FR68616500,Goldman Sachs,2026-03-13,3933,870.38,EUR
TRD_0956,FR53634100,Societe Generale,2026-03-06,4224,1397.26,EUR
TRD_0957,FR41206600,JP Morgan,2026-03-11,3237,611.62,EUR
TRD_0958,FR71836200,JP Morgan,2026-03-05,2841,145.94,EUR
TRD_0959,FR78740900,HSBC,2026-03-13,3768,77.78,EUR
TRD_0960,FR66141900,HSBC,2026-03-01,2522,1248.94,EUR
TRD_0961,FR74005300,BNP Paribas,2026-03-08,2161,810.87,EUR
TRD_0962,FR96039500,Goldman Sachs,2026-03-03,3685,1174.1,EUR
TRD_0963,FR73117200,BNP Paribas,2026-03-15,2755,389.92,EUR
TRD_0964,FR22591700,HSBC,2026-03-06,3876,550.37,EUR
TRD_0965,FR91071700,Societe Generale,2026-03-03,3774,93.65,EUR
TRD_0966,FR39977000,HSBC,2026-03-07,2232,1444.16,EUR
TRD_0967,FR79816800,Goldman Sachs,2026-03-13,2802,1018.41,EUR
TRD_0968,FR58168000,HSBC,2026-03-14,1707,1403.15,EUR
TRD_0969,FR38134200,Goldman Sachs,2026-03-07,3472,434.97,EUR
TRD_0970,FR63954200,Goldman Sachs,2026-03-12,4073,936.62,EUR
TRD_0971,FR14423800,Goldman Sachs,2026-03-15,1534,1033.82,EUR
TRD_0972,FR10125200,Goldman Sachs,2026-03-09,4770,510.45,EUR
TRD_0973,FR92619600,Goldman Sachs,2026-03-05,42,1279.76,EUR
TRD_0974,FR96414100,Societe Generale,2026-03-15,4035,1423.38,EUR
TRD_0975,FR58545000,BNP Paribas,2026-03-08,2576,1333.04,EUR
TRD_0976,FR41582600,JP Morgan,2026-03-10,2813,1121.65,EUR
TRD_0977,FR42163800,BNP Paribas,2026-03-10,3906,452.32,EUR
TRD_0978,FR70560500,Goldman Sachs,2026-03-08,3719,458.34,EUR
TRD_0979,FR42735900,Societe Generale,2026-03-01,729,1446.87,EUR
TRD_0980,FR70287500,HSBC,2026-03-12,4589,64.91,EUR
TRD_0981,FR10694900,Societe Generale,2026-03-05,982,1088.27,EUR
TRD_0982,FR86318500,Goldman Sachs,2026-03-03,3728,1074.06,EUR
TRD_0983,FR41753700,Societe Generale,2026-03-01,4412,952.9,EUR
TRD_0984,FR82891300,Societe Generale,2026-03-04,4562,1485.66,EUR
TRD_0985,FR76230100,Goldman Sachs,2026-03-08,2217,502.23,EUR
TRD_0986,FR65022200,Societe Generale,2026-03-03,4436,542.96,EUR
TRD_0987,FR88072200,JP Morgan,2026-03-10,4330,164.46,EUR
TRD_0988,FR55510200,JP Morgan,2026-03-02,3040,692.06,EUR
TRD_0989,FR43788900,Societe Generale,2026-03-11,3585,428.52,EUR
TRD_0990,FR57646700,HSBC,2026-03-09,3126,547.91,EUR
TRD_0991,FR45660000,Goldman Sachs,2026-03-10,3295,1260.13,EUR
TRD_0992,FR41555700,JP Morgan,2026-03-05,653,1406.45,EUR
TRD_0993,FR98367100,HSBC,2026-03-14,4721,319.31,EUR
TRD_0994,FR40446200,Societe Generale,2026-03-07,204,590.14,EUR
TRD_0995,FR35087500,HSBC,2026-03-11,4006,1396.51,EUR
TRD_0996,FR56338900,BNP Paribas,2026-03-11,498,139.62,EUR
TRD_0997,FR17039000,JP Morgan,2026-03-02,2214,183.92,EUR
TRD_0998,FR80768900,Societe Generale,2026-03-09,2667,286.05,EUR
TRD_0999,FR35349000,Goldman Sachs,2026-03-13,3286,913.06,EUR
