ISIN,Counterparty,Date,Quantity,Price,Currency
FR22195800,BNP Paribas,2026-03-14,2557,1133.79,EUR
FR77115500,HSBC,2026-03-07,2989,737.02,EUR
FR74416700,BNP Paribas,2026-03-14,2623,1188.52,EUR
FR21026800,Societe Generale,2026-03-02,3093,1487.43,EUR
FR83218000,BNP Paribas,2026-03-07,2266,839.5,EUR
FR15488600,Goldman Sachs,2026-03-06,1047,1446.01,EUR
FR23733700,Goldman Sachs,2026-03-05,3499,159.63,EUR
FR62143000,HSBC,2026-03-06,2644,580.24,EUR
FR18749800,Societe Generale,2026-03-13,3993,376.82108577407496,EUR
FR99915900,HSBC,2026-03-09,1788,333.96,EUR
FR29133500,HSBC,2026-03-06,1134,952.5,EUR
FR37816700,JP Morgan,2026-03-12,707,1182.92,EUR
FR14109000,JP Morgan,2026-03-13,2189,888.53,EUR
FR42936500,JP Morgan,2026-03-15,1414,263.139557218214,EUR
FR16482000,JP Morgan,2026-03-14,1053,1226.13,EUR
FR88720100,BNP Paribas,2026-03-08,1939,972.13,EUR
FR42187900,JP Morgan,2026-03-07,1023,612.84,EUR
FR81831500,Goldman Sachs,2026-03-09,236,1027.49,EUR
FR42706900,Goldman Sachs,2026-03-04,1838,426.8859772911612,EUR
FR87699700,BNP PARIBAS SA,2026-03-02,4927,550.53,EUR
FR29904100,JP Morgan,2026-03-07,2033,1380.35,EUR
FR89174300,JP Morgan,2026-03-06,4976,471.23,EUR
FR20335500,JP Morgan,2026-03-01,2462,731.48,EUR
FR33579600,HSBC,2026-03-11,2095,1340.7,EUR
FR31417600,Societe Generale,2026-03-10,4293,1076.2,EUR
FR28477900,HSBC,2026-03-09,1090,140.19,EUR
FR44744900,Societe Generale,2026-03-12,2330,263.59,EUR
FR35879500,JP Morgan,2026-03-04,2640,964.84,EUR
FR58623200,HSBC,2026-03-05,2573,699.1504264661933,EUR
FR60018600,HSBC,2026-03-05,3302,244.7,EUR
FR97091000,Goldman Sachs,2026-03-01,3596,818.01,EUR
FR48468100,Societe Generale,2026-03-09,4441,400.75,EUR
FR24950300,HSBC,2026-03-13,2957,775.88,EUR
FR75481100,HSBC LTD,2026-03-08,3969,1035.45,EUR
FR62703500,BNP Paribas,2026-03-04,2823,160.55,EUR
FR74814300,HSBC,2026-03-13,2593,448.32,EUR
FR16572500,Goldman Sachs,2026-03-15,603,716.51,EUR
FR22998100,Societe Generale,2026-03-15,3269,842.54,EUR
FR18465400,Societe Generale,2026-03-11,4165,677.58,EUR
FR69172300,BNP Paribas,2026-03-10,2972,113.65,EUR
FR42894700,HSBC LTD,2026-03-06,3400,696.04,EUR
FR37353800,BNP Paribas,2026-03-10,673,122.47,EUR
FR43123600,Societe Generale,2026-03-13,1142,1273.29,EUR
FR62817800,BNP Paribas,2026-03-10,551,1472.73,EUR
FR66589400,BNP Paribas,2026-03-12,2984,1200.06,EUR
FR58949200,JP Morgan,2026-03-14,877,1287.99,EUR
FR35684000,HSBC,2026-03-09,2076,400.87,EUR
FR57325400,BNP Paribas,2026-03-01,441,1442.91,EUR
FR44945700,Societe Generale,2026-03-05,4845,335.54,EUR
FR76598700,Goldman Sachs,2026-03-04,4288,1429.57,EUR
FR37093600,BNP Paribas,2026-03-09,1216,1492.49,EUR
FR33993100,BNP PARIBAS SA,2026-03-11,2538,1082.0352070033955,EUR
FR33962900,JP Morgan,2026-03-12,1179,1472.66,EUR
FR30504100,HSBC,2026-03-01,840,875.83,EUR
FR79836100,Goldman Sachs,2026-03-09,1661,426.34,EUR
FR83191200,Societe Generale,2026-03-06,1146,683.64,EUR
FR51711300,Goldman Sachs,2026-03-04,2820,910.66,EUR
FR16814800,Societe Generale,2026-03-12,485,155.97,EUR
FR87708900,HSBC,2026-03-09,2820,952.4,EUR
FR74853100,Societe Generale,2026-03-11,1336,1472.71,EUR
FR35199500,JP Morgan,2026-03-05,1029,325.66,EUR
FR77884300,JP Morgan,2026-03-15,1846,1199.26,EUR
FR67284300,JP Morgan,2026-03-06,4266,1366.45,EUR
FR35650800,JP Morgan,2026-03-12,2458,1418.37,EUR
FR90359100,Goldman Sachs,2026-03-05,4303,1442.2,EUR
FR99694200,HSBC,2026-03-01,1293,806.12,EUR
FR20653000,Societe Generale,2026-03-01,669,1467.1,EUR
FR70436500,Societe Generale,2026-03-09,2020,1148.1,EUR
FR92235200,JP Morgan,2026-03-12,408,284.42,EUR
FR56033700,JP Morgan,2026-03-08,1743,741.51,EUR
FR82483900,BNP PARIBAS SA,2026-03-12,2135,1091.58,EUR
FR90588900,HSBC,2026-03-15,2181,408.64,EUR
FR55977300,Goldman Sachs,2026-03-15,84,978.89,EUR
FR30826100,Societe Generale,2026-03-06,4707,1016.57,EUR
FR86446900,BNP Paribas,2026-03-12,3481,285.91,EUR
FR44109700,BNP Paribas,2026-03-11,846,869.37,EUR
FR41513900,Societe Generale,2026-03-14,509,1168.86,EUR
FR27182900,Goldman Sachs,2026-03-04,147,773.4,EUR
FR37183600,BNP Paribas,2026-03-02,2107,67.55,EUR
FR53897400,BNP Paribas,2026-03-14,3706,63.11,EUR
FR30228300,HSBC,2026-03-02,1895,567.69,EUR
FR29676900,Goldman Sachs,2026-03-10,2767,1392.98,EUR
FR66135300,BNP Paribas,2026-03-15,3930,381.58,EUR
FR32316500,Goldman Sachs,2026-03-05,1910,969.83,EUR
FR72358700,Societe Generale,2026-03-04,2620,372.01,EUR
FR63582200,JP Morgan,2026-03-10,3996,516.42,EUR
FR58787900,BNP Paribas,2026-03-13,1459,1279.66,EUR
FR66468500,HSBC LTD,2026-03-01,556,1106.85,EUR
FR88203800,Societe Generale,2026-03-07,4686,188.33,EUR
FR45353100,Goldman Sachs,2026-03-03,2013,671.62,EUR
FR36316000,SOCGEN,2026-03-06,2106,92.33869491096252,EUR
FR67987900,BNP Paribas,2026-03-05,713,747.29,EUR
FR32088400,Goldman Sachs,2026-03-06,2413,1010.53,EUR
FR12324700,JP Morgan,2026-03-11,1635,221.83,EUR
FR12430000,Societe Generale,2026-03-06,3341,468.92953961937945,EUR
FR56728100,BNP Paribas,2026-03-01,4743,626.86,EUR
FR70708600,HSBC,2026-03-01,2988,1383.3476601569312,EUR
FR63355600,Goldman Sachs,2026-03-03,4746,1490.22,EUR
FR44895100,Societe Generale,2026-03-14,2849,115.12,EUR
FR37432900,Societe Generale,2026-03-12,3394,1153.46,EUR
FR81906400,JP Morgan,2026-03-10,2669,589.0462440371472,EUR
FR84213900,JP Morgan,2026-03-04,1871,619.06,EUR
FR53231500,HSBC,2026-03-05,2866,1143.68,EUR
FR61658800,HSBC,2026-03-02,695,1381.7361766303015,EUR
FR33658400,BNP PARIBAS SA,2026-03-08,4293,1428.85,EUR
FR66233200,BNP Paribas,2026-03-11,1629,886.83,EUR
FR93764600,HSBC,2026-03-11,4653,567.83,EUR
FR14898400,Goldman Sachs,2026-03-02,885,413.95,EUR
FR40291800,JP Morgan,2026-03-09,4723,867.91,EUR
FR36471200,BNP PARIBAS SA,2026-03-02,2471,569.94,EUR
FR22015100,JP Morgan,2026-03-13,1375,1002.1565735746642,EUR
FR55580800,JP Morgan,2026-03-09,1253,398.58,EUR
FR23376700,HSBC,2026-03-07,172,327.81,EUR
FR74866300,Goldman Sachs,2026-03-15,1984,1381.480582471614,EUR
FR80355000,Societe Generale,2026-03-08,3301,197.62,EUR
FR23633000,Goldman Sachs,2026-03-15,279,783.64,EUR
FR58075400,Goldman Sachs,2026-03-11,641,370.24,EUR
FR40164800,JP Morgan,2026-03-02,915,106.45,EUR
FR78851900,Goldman Sachs,2026-03-07,3481,102.23,EUR
FR11398600,BNP Paribas,2026-03-12,3263,304.07,EUR
FR68614600,JP Morgan,2026-03-06,2024,1306.8467571689575,EUR
FR22931200,BNP Paribas,2026-03-04,1651,459.59,EUR
FR11266600,Societe Generale,2026-03-08,214,1428.17,EUR
FR40080400,JP Morgan,2026-03-14,591,893.35,EUR
FR23463300,Societe Generale,2026-03-13,850,683.09,EUR
FR38899800,JP Morgan,2026-03-05,1729,891.1424704954516,EUR
FR95093700,HSBC,2026-03-02,2653,799.2200299083348,EUR
FR72877600,Goldman Sachs,2026-03-11,2307,1150.23,EUR
FR80761100,HSBC LTD,2026-03-13,884,459.62,EUR
FR38480600,Societe Generale,2026-03-07,699,561.92,EUR
FR89482400,Goldman Sachs,2026-03-09,4010,1346.44,EUR
FR13053500,JP Morgan,2026-03-02,3151,1422.3983585706849,EUR
FR47571300,Goldman Sachs,2026-03-05,1432,1344.21,EUR
FR93868800,BNP Paribas,2026-03-01,681,658.2,EUR
FR45127900,Goldman Sachs,2026-03-07,1181,1181.53,EUR
FR92165400,BNP Paribas,2026-03-08,3736,740.69,EUR
FR70166100,Goldman Sachs,2026-03-13,953,771.43,EUR
FR74797200,BNP Paribas,2026-03-06,1459,346.79,EUR
FR58957000,Societe Generale,2026-03-05,3747,907.14,EUR
FR55655100,HSBC,2026-03-15,2549,319.9,EUR
FR37310900,JP Morgan,2026-03-06,3969,530.77,EUR
FR12453800,Goldman Sachs,2026-03-15,4270,1289.79,EUR
FR99449800,HSBC LTD,2026-03-02,2371,350.26,EUR
FR30166400,JP Morgan,2026-03-01,3662,153.18,EUR
FR59123400,JP Morgan,2026-03-07,3680,150.06,EUR
FR99968400,BNP Paribas,2026-03-07,1763,1414.14,EUR
FR23918200,Societe Generale,2026-03-10,2362,785.03,EUR
FR57252500,Societe Generale,2026-03-11,1948,643.65,EUR
FR25833800,HSBC,2026-03-11,380,1225.77,EUR
FR28406400,Societe Generale,2026-03-15,4958,1261.983765455659,EUR
FR31402000,Goldman Sachs,2026-03-02,4489,531.7037723213327,EUR
FR72309400,Societe Generale,2026-03-02,1941,1055.75,EUR
FR99742100,HSBC,2026-03-02,434,1168.13,EUR
FR71527000,Societe Generale,2026-03-10,4734,999.24,EUR
FR74591400,Goldman Sachs,2026-03-08,904,269.81,EUR
FR21917600,BNP Paribas,2026-03-15,607,1320.03,EUR
FR31812600,HSBC,2026-03-09,3072,831.69,EUR
FR22240900,BNP Paribas,2026-03-12,4698,666.58,EUR
FR64770700,BNP Paribas,2026-03-11,1697,104.48,EUR
FR35361800,JP Morgan,2026-03-08,582,235.41,EUR
FR86959800,JP Morgan,2026-03-09,2100,1160.0552269052164,EUR
FR15001500,BNP Paribas,2026-03-14,3679,50.02,EUR
FR87283800,HSBC,2026-03-04,4282,654.02,EUR
FR22209600,Goldman Sachs,2026-03-02,4634,807.6710061557644,EUR
FR73134700,Goldman Sachs,2026-03-01,1643,129.22,EUR
FR28534000,SOCGEN,2026-03-03,1527,1460.96,EUR
FR21068700,HSBC,2026-03-16,4303,377.88,EUR
FR97437100,JP Morgan,2026-03-14,2667,491.09,EUR
FR51135700,BNP Paribas,2026-03-05,3658,490.72,EUR
FR83571600,Societe Generale,2026-03-05,4958,384.1,EUR
FR20587800,Goldman Sachs,2026-03-09,3598,52.14,EUR
FR82727000,JP Morgan,2026-03-10,1547,1107.55,EUR
FR29828600,JP Morgan,2026-03-14,3147,1451.93,EUR
FR87329000,BNP Paribas,2026-03-12,107,375.23,EUR
FR87468400,Goldman Sachs,2026-03-02,3225,1011.42,EUR
FR26489900,HSBC,2026-03-02,4540,1125.75,EUR
FR42476700,JP Morgan,2026-03-07,4742,1280.22,EUR
FR96188200,BNP Paribas,2026-03-15,3760,662.81,EUR
FR97985800,HSBC,2026-03-09,3167,489.25,EUR
FR47998900,Goldman Sachs,2026-03-01,4693,521.68,EUR
FR51551500,JP Morgan,2026-03-09,353,1083.3,EUR
FR16404400,HSBC,2026-03-09,1737,587.9025443525347,EUR
FR54229600,JP Morgan,2026-03-06,2300,1357.81,EUR
FR20955600,JP Morgan,2026-03-13,1864,1219.71,EUR
FR62698100,Societe Generale,2026-03-15,2618,1478.04,EUR
FR98169100,Goldman Sachs,2026-03-09,2089,1143.66,EUR
FR86759500,BNP Paribas,2026-03-11,2334,620.13,EUR
FR30023500,HSBC,2026-03-04,4637,906.42,EUR
FR12593900,Societe Generale,2026-03-03,1187,1008.47,EUR
FR25290600,BNP Paribas,2026-03-13,1101,163.76,EUR
FR64233500,Societe Generale,2026-03-06,4989,839.52,EUR
FR38824900,JP Morgan,2026-03-14,2801,1078.52,EUR
FR17576600,HSBC,2026-03-04,1759,292.62,EUR
FR50892300,BNP Paribas,2026-03-06,2685,1181.92,EUR
FR51519200,BNP Paribas,2026-03-03,791,896.47,EUR
FR66855000,BNP Paribas,2026-03-06,3058,1430.72,EUR
FR48726100,BNP Paribas,2026-03-03,2115,111.51,EUR
FR91020800,BNP Paribas,2026-03-02,3877,434.72,EUR
FR78544000,Societe Generale,2026-03-13,4986,922.25,EUR
FR75266400,HSBC LTD,2026-03-10,4552,480.05781979442236,EUR
FR55458900,JP Morgan,2026-03-07,2123,1085.92,EUR
FR23784800,JP Morgan,2026-03-03,3980,1150.56,EUR
FR71707500,JP Morgan,2026-03-13,2001,198.65,EUR
FR22794800,JP Morgan,2026-03-11,1077,795.09,EUR
FR67930400,Societe Generale,2026-03-02,1587,787.89,EUR
FR50269000,Goldman Sachs,2026-03-08,1021,585.46,EUR
FR59904600,HSBC,2026-03-15,2284,1402.74,EUR
FR55126900,BNP Paribas,2026-03-06,4879,1249.88,EUR
FR12195900,Goldman Sachs,2026-03-07,1824,1060.9964086661987,EUR
FR76089000,JP Morgan,2026-03-09,2436,1085.77,EUR
FR85021600,Goldman Sachs,2026-03-05,4412,719.49,EUR
FR89018000,HSBC,2026-03-15,4884,1385.44,EUR
FR32857600,BNP Paribas,2026-03-01,2561,1057.16,EUR
FR63783300,BNP Paribas,2026-03-13,3667,1107.02,EUR
FR26583800,HSBC,2026-03-10,17,1299.4607412493438,EUR
FR43567400,HSBC,2026-03-07,2565,447.43808330267535,EUR
FR97998900,JP Morgan,2026-03-15,485,1220.25,EUR
FR16108700,BNP Paribas,2026-03-05,2221,333.1,EUR
FR69312800,Goldman Sachs,2026-03-03,494,550.75,EUR
FR21845100,Societe Generale,2026-03-12,4664,536.6558206920155,EUR
FR54760000,Societe Generale,2026-03-14,2295,1468.86,EUR
FR93743700,HSBC,2026-03-10,4573,1291.98,EUR
FR53979200,JP Morgan,2026-03-01,3535,1066.7,EUR
FR13935300,Societe Generale,2026-03-01,3349,1104.23,EUR
FR29307500,BNP Paribas,2026-03-02,2832,865.01,EUR
FR31428300,HSBC,2026-03-03,4953,1423.28,EUR
FR41487700,Goldman Sachs,2026-03-13,2934,769.58,EUR
FR16531800,HSBC,2026-03-06,268,601.75,EUR
FR86531300,Goldman Sachs,2026-03-10,292,286.4331287352489,EUR
FR58269000,HSBC,2026-03-11,1908,1190.0,EUR
FR51688000,HSBC,2026-03-04,4145,1114.94,EUR
FR69146000,HSBC,2026-03-08,2986,607.3233585025378,EUR
FR84097600,Goldman Sachs,2026-03-15,2277,86.53,EUR
FR88123900,Goldman Sachs,2026-03-14,3210,1266.55,EUR
FR19326400,HSBC,2026-03-10,622,66.59390529759476,EUR
FR87074600,Societe Generale,2026-03-02,697,1070.36,EUR
FR91316800,JP Morgan,2026-03-15,3700,1456.87,EUR
FR32528100,JP Morgan,2026-03-09,622,684.61,EUR
FR73714700,JP Morgan,2026-03-04,2317,390.71,EUR
FR99861300,Goldman Sachs,2026-03-05,3023,1072.06,EUR
FR49407000,Goldman Sachs,2026-03-10,1791,1234.84,EUR
FR45222800,SOCGEN,2026-03-08,2601,842.32,EUR
FR53183900,JP Morgan,2026-03-02,2706,1452.2,EUR
FR36953600,JP Morgan,2026-03-06,3968,124.92,EUR
FR41782400,HSBC,2026-03-12,584,781.95,EUR
FR35742600,Goldman Sachs,2026-03-05,1920,1091.76,EUR
FR27778900,JP Morgan,2026-03-13,3614,1300.83,EUR
FR61315300,Societe Generale,2026-03-10,679,309.92,EUR
FR84245200,Societe Generale,2026-03-09,4374,1210.01,EUR
FR93729100,JP Morgan,2026-03-12,1293,851.4574117089675,EUR
FR22565700,Goldman Sachs,2026-03-05,933,625.0185281572556,EUR
FR33516700,SOCGEN,2026-03-02,1135,240.99,EUR
FR78166900,HSBC,2026-03-06,1539,1304.68,EUR
FR58067100,Societe Generale,2026-03-15,1604,278.05,EUR
FR81909400,BNP Paribas,2026-03-12,256,499.19,EUR
FR17046700,BNP Paribas,2026-03-04,3721,470.57,EUR
FR28373400,Goldman Sachs,2026-03-15,1570,1313.5679851523064,EUR
FR72279400,JP Morgan,2026-03-11,2410,1025.42,EUR
FR20975100,Goldman Sachs,2026-03-07,2253,1205.19,EUR
FR48105000,Goldman Sachs,2026-03-06,3874,413.18,EUR
FR91177400,Goldman Sachs,2026-03-14,1949,956.07,EUR
FR56107900,HSBC,2026-03-13,236,1257.6302955906033,EUR
FR46845200,HSBC,2026-03-11,3557,1363.83,EUR
FR20608100,Societe Generale,2026-03-11,274,67.63,EUR
FR71333300,BNP PARIBAS SA,2026-03-13,1405,1027.33,EUR
FR65898600,Goldman Sachs,2026-03-06,3567,125.16,EUR
FR21007800,Societe Generale,2026-03-08,655,845.85,EUR
FR96705500,BNP Paribas,2026-03-11,3000,467.07,EUR
FR12267100,JP Morgan,2026-03-07,1909,494.83,EUR
FR51840000,HSBC,2026-03-15,2514,561.79,EUR
FR71049000,JP Morgan,2026-03-12,1164,534.3956118218886,EUR
FR11570800,HSBC,2026-03-09,4581,636.56,EUR
FR97833800,HSBC LTD,2026-03-04,1831,149.11,EUR
FR41195500,Societe Generale,2026-03-12,995,1186.45,EUR
FR23388300,Goldman Sachs,2026-03-03,4089,464.35,EUR
FR41839400,BNP PARIBAS SA,2026-03-15,3358,677.51,EUR
FR21254700,BNP Paribas,2026-03-04,3841,1043.89,EUR
FR65904200,JP Morgan,2026-03-05,1251,532.06,EUR
FR85110200,HSBC,2026-03-13,199,132.09617811246252,EUR
FR86200200,BNP Paribas,2026-03-06,990,592.19,EUR
FR24248300,HSBC LTD,2026-03-03,1708,1419.45,EUR
FR75827100,BNP Paribas,2026-03-02,1725,980.51,EUR
FR31483500,Societe Generale,2026-03-14,2603,1023.64,EUR
FR50189600,Goldman Sachs,2026-03-13,4146,966.81,EUR
FR18489600,BNP Paribas,2026-03-04,4443,338.54,EUR
FR57709500,HSBC,2026-03-05,1108,656.58,EUR
FR17129500,Societe Generale,2026-03-04,2336,1138.8950708207765,EUR
FR84397400,BNP Paribas,2026-03-14,3257,196.99,EUR
FR98712100,JP Morgan,2026-03-11,905,452.89,EUR
FR39964800,BNP Paribas,2026-03-15,2919,676.43,EUR
FR75716200,Societe Generale,2026-03-12,940,1471.53,EUR
FR10815500,JP Morgan,2026-03-04,4394,147.88,EUR
FR56687200,Societe Generale,2026-03-08,733,802.12,EUR
FR92581600,Societe Generale,2026-03-11,2950,310.08,EUR
FR47470500,JP Morgan,2026-03-04,1099,1457.48,EUR
FR67154200,Societe Generale,2026-03-14,4588,214.29,EUR
FR90835000,JP Morgan,2026-03-02,945,635.22,EUR
FR71026900,BNP Paribas,2026-03-02,2305,1119.93,EUR
FR65459400,JP Morgan,2026-03-01,165,1071.6,EUR
FR24771800,JP Morgan,2026-03-13,1080,662.96,EUR
FR74526300,JP Morgan,2026-03-10,2511,626.54,EUR
FR45874500,JP Morgan,2026-03-09,4229,433.2,EUR
FR20751200,BNP Paribas,2026-03-14,3840,347.73,EUR
FR24744300,Goldman Sachs,2026-03-12,864,750.41,EUR
FR57058700,HSBC,2026-03-08,649,439.37,EUR
FR47361600,BNP PARIBAS SA,2026-03-15,2248,466.82,EUR
FR75740900,BNP Paribas,2026-03-12,1612,1002.3,EUR
FR78697600,HSBC,2026-03-10,451,1454.38,EUR
FR46587100,JP Morgan,2026-03-07,4638,925.27,EUR
FR47503700,Societe Generale,2026-03-13,1346,161.62,EUR
FR90736400,Goldman Sachs,2026-03-15,3710,159.6,EUR
FR21779600,Societe Generale,2026-03-07,958,1429.56,EUR
FR39199900,HSBC,2026-03-15,3383,481.07,EUR
FR29250600,BNP Paribas,2026-03-08,469,183.5,EUR
FR79837600,BNP Paribas,2026-03-01,4656,918.61,EUR
FR36954400,Goldman Sachs,2026-03-10,402,954.29,EUR
FR48000200,BNP Paribas,2026-03-13,3948,990.33,EUR
FR79800200,BNP Paribas,2026-03-10,1797,437.73,EUR
FR63943900,Goldman Sachs,2026-03-09,4950,71.91,EUR
FR69097800,Goldman Sachs,2026-03-05,2267,1449.3093740014133,EUR
FR62878700,HSBC,2026-03-04,1148,413.79,EUR
FR63058300,BNP Paribas,2026-03-04,3818,1030.24,EUR
FR48821500,BNP Paribas,2026-03-06,4751,1074.6475916498923,EUR
FR42118400,HSBC LTD,2026-03-07,2464,934.51,EUR
FR89861500,JP Morgan,2026-03-06,1476,503.72,EUR
FR52251500,JP Morgan,2026-03-01,3684,443.09,EUR
FR76823400,JP Morgan,2026-03-12,1387,916.62,EUR
FR13271100,BNP Paribas,2026-03-13,151,1422.8014602285411,EUR
FR89197100,HSBC,2026-03-10,2669,203.56,EUR
FR60115700,HSBC,2026-03-15,4606,274.5,EUR
FR28442300,JP Morgan,2026-03-11,849,1419.87,EUR
FR61634900,Societe Generale,2026-03-13,3628,1117.98,EUR
FR80371400,BNP Paribas,2026-03-07,3927,1330.350763967974,EUR
FR75791700,JP Morgan,2026-03-06,605,343.82,EUR
FR92479200,SOCGEN,2026-03-06,1914,902.0,EUR
FR83737800,Societe Generale,2026-03-05,290,1066.65,EUR
FR23327200,Goldman Sachs,2026-03-06,433,1036.16,EUR
FR86783600,BNP Paribas,2026-03-12,4375,641.82,EUR
FR80233500,Societe Generale,2026-03-09,4259,72.32,EUR
FR90778900,JP Morgan,2026-03-11,1760,895.24,EUR
FR17750500,BNP Paribas,2026-03-15,1977,702.87,EUR
FR10286900,HSBC,2026-03-11,4098,1438.49,EUR
FR88147400,JP Morgan,2026-03-08,4188,628.6,EUR
FR55435100,Societe Generale,2026-03-11,2956,1267.71,EUR
FR41225200,Societe Generale,2026-03-09,1459,323.38,EUR
FR73658400,JP Morgan,2026-03-13,2341,1025.07,EUR
FR71846700,Societe Generale,2026-03-10,2230,1466.66,EUR
FR13846700,BNP Paribas,2026-03-08,2820,62.06,EUR
FR97784400,Societe Generale,2026-03-10,1541,184.31,EUR
FR58004700,HSBC,2026-03-11,4892,1135.16,EUR
FR75934700,BNP Paribas,2026-03-06,3000,1376.1,EUR
FR15887100,BNP Paribas,2026-03-04,4503,679.33,EUR
FR22839100,JP Morgan,2026-03-02,1153,425.17646911393365,EUR
FR53943000,JP Morgan,2026-03-08,943,679.88,EUR
FR71070400,HSBC,2026-03-03,1470,1099.0,EUR
FR95670300,BNP Paribas,2026-03-04,2733,63.13,EUR
FR93049600,HSBC,2026-03-12,2522,904.71,EUR
FR35668700,JP Morgan,2026-03-08,295,939.27,EUR
FR82545100,JP Morgan,2026-03-10,274,974.65,EUR
FR20745000,BNP Paribas,2026-03-10,2377,400.93,EUR
FR27189000,Goldman Sachs,2026-03-02,3457,1085.38,EUR
FR53874100,Societe Generale,2026-03-03,4926,182.52,EUR
FR38197400,JP Morgan,2026-03-04,1772,338.94,EUR
FR50010900,JP Morgan,2026-03-10,3058,1322.3411520472218,EUR
FR21638100,Goldman Sachs,2026-03-01,2391,1121.15,EUR
FR57312500,Goldman Sachs,2026-03-07,2279,69.93,EUR
FR67162100,HSBC LTD,2026-03-02,50,410.15,EUR
FR23450800,HSBC,2026-03-05,77,360.89,EUR
FR96264500,Societe Generale,2026-03-01,4018,408.96,EUR
FR49911100,BNP Paribas,2026-03-03,3208,140.66,EUR
FR25081000,HSBC,2026-03-13,4800,715.46,EUR
FR39289000,JP Morgan,2026-03-03,2534,1112.46,EUR
FR67366500,HSBC,2026-03-02,1095,929.76,EUR
FR94047700,JP Morgan,2026-03-07,2489,1025.66,EUR
FR46003200,Goldman Sachs,2026-03-05,1703,167.67,EUR
FR46959900,HSBC,2026-03-02,2325,1429.66,EUR
FR76096000,Goldman Sachs,2026-03-06,788,1265.81,EUR
FR85002000,Societe Generale,2026-03-05,4599,1217.38,EUR
FR97961100,SOCGEN,2026-03-15,1595,1243.33,EUR
FR27183600,BNP Paribas,2026-03-03,1502,1402.43,EUR
FR82990300,HSBC,2026-03-12,670,839.17,EUR
FR14571400,Goldman Sachs,2026-03-07,1358,340.41,EUR
FR72723400,JP Morgan,2026-03-11,1309,944.34,EUR
FR99604800,Societe Generale,2026-03-10,3950,1127.18,EUR
FR73027100,Societe Generale,2026-03-09,1996,1119.98,EUR
FR56696000,JP Morgan,2026-03-14,2054,806.1,EUR
FR81185100,Goldman Sachs,2026-03-13,3526,149.27,EUR
FR22412300,Goldman Sachs,2026-03-13,1068,588.11,EUR
FR40562800,HSBC LTD,2026-03-10,986,1385.11,EUR
FR18298900,HSBC,2026-03-14,4587,897.45,EUR
FR39835600,BNP Paribas,2026-03-10,737,830.58,EUR
FR92995700,Societe Generale,2026-03-02,2537,439.84,EUR
FR27827400,HSBC,2026-03-03,3146,584.25,EUR
FR78799500,Goldman Sachs,2026-03-07,352,1348.25,EUR
FR42535200,JP Morgan,2026-03-06,1457,1016.37,EUR
FR92026000,Goldman Sachs,2026-03-02,2389,1191.71,EUR
FR51192700,Societe Generale,2026-03-04,3669,708.8,EUR
FR88985200,Goldman Sachs,2026-03-10,536,963.86,EUR
FR98318400,BNP PARIBAS SA,2026-03-06,1906,410.16,EUR
FR23137300,Societe Generale,2026-03-13,4764,1072.92,EUR
FR53845200,JP Morgan,2026-03-08,2083,670.02,EUR
FR21529400,BNP Paribas,2026-03-09,4925,691.69,EUR
FR16572600,BNP Paribas,2026-03-07,4610,142.81,EUR
FR24156400,BNP Paribas,2026-03-08,3750,1245.88,EUR
FR47781200,Societe Generale,2026-03-12,4284,473.96,EUR
FR36824600,HSBC,2026-03-14,4237,693.68,EUR
FR80569600,BNP Paribas,2026-03-03,1856,81.77,EUR
FR21801500,BNP Paribas,2026-03-04,1488,486.52,EUR
FR84067400,JP Morgan,2026-03-10,2405,778.82,EUR
FR35407900,Goldman Sachs,2026-03-06,781,131.46,EUR
FR65092900,Societe Generale,2026-03-10,588,762.09,EUR
FR78994400,Societe Generale,2026-03-07,2911,1394.31,EUR
FR78810500,HSBC,2026-03-13,203,202.82,EUR
FR61375800,HSBC,2026-03-14,2017,1158.44,EUR
FR46589000,Societe Generale,2026-03-04,1195,644.02,EUR
FR54510100,HSBC,2026-03-08,2404,1000.0380457687986,EUR
FR13663100,JP Morgan,2026-03-05,3008,427.34,EUR
FR86657700,Societe Generale,2026-03-01,1802,281.26,EUR
FR17299100,HSBC,2026-03-04,1120,282.67,EUR
FR10401400,Societe Generale,2026-03-03,4015,152.21,EUR
FR37323700,Goldman Sachs,2026-03-09,2271,319.19,EUR
FR11807000,BNP Paribas,2026-03-08,3746,1013.12,EUR
FR92220900,Societe Generale,2026-03-01,3803,1328.4992902424376,EUR
FR15695800,BNP Paribas,2026-03-11,1946,1230.5163179794313,EUR
FR18207400,HSBC,2026-03-06,4885,1043.44,EUR
FR63501700,BNP Paribas,2026-03-09,4367,210.13,EUR
FR85507300,Societe Generale,2026-03-07,739,469.32,EUR
FR27608900,Goldman Sachs,2026-03-04,4388,499.22,EUR
FR29739200,HSBC,2026-03-13,3461,412.44,EUR
FR25882300,SOCGEN,2026-03-01,4467,796.76,EUR
FR73015200,HSBC,2026-03-12,4546,826.55,EUR
FR49300200,JP Morgan,2026-03-02,2150,567.48,EUR
FR83342900,BNP Paribas,2026-03-12,1654,562.99,EUR
FR59886300,JP Morgan,2026-03-05,2810,1251.41,EUR
FR46765400,Societe Generale,2026-03-12,4972,1194.47,EUR
FR67903600,Goldman Sachs,2026-03-12,151,496.3,EUR
FR63008900,HSBC,2026-03-05,1465,1374.99,EUR
FR25026200,BNP Paribas,2026-03-08,4806,1431.58,EUR
FR54290500,HSBC,2026-03-06,2106,523.78,EUR
FR33536200,Societe Generale,2026-03-09,1335,563.92,EUR
FR54420900,HSBC,2026-03-02,4986,783.17,EUR
FR65388000,BNP PARIBAS SA,2026-03-03,1223,1414.63,EUR
FR89707900,Societe Generale,2026-03-06,1169,1320.66,EUR
FR76407600,HSBC,2026-03-12,4660,198.72,EUR
FR31996300,Goldman Sachs,2026-03-13,4509,619.46,EUR
FR58076100,Societe Generale,2026-03-10,4997,852.39,EUR
FR34871000,Societe Generale,2026-03-03,4707,779.54,EUR
FR32098400,Goldman Sachs,2026-03-06,350,331.1,EUR
FR99705900,JP Morgan,2026-03-06,3838,1295.28,EUR
FR95674800,BNP Paribas,2026-03-02,1978,1031.56,EUR
FR88235500,JP Morgan,2026-03-07,713,1264.97,EUR
FR36451200,HSBC,2026-03-12,4423,1295.21,EUR
FR70186300,Goldman Sachs,2026-03-02,2439,1135.12,EUR
FR36879900,JP Morgan,2026-03-06,1810,686.86,EUR
FR33754900,SOCGEN,2026-03-02,4922,935.29,EUR
FR69431900,HSBC,2026-03-03,4658,282.53,EUR
FR71221000,JP Morgan,2026-03-07,1822,309.92,EUR
FR54898200,JP Morgan,2026-03-14,2876,1056.23,EUR
FR22404600,Goldman Sachs,2026-03-04,3652,382.92,EUR
FR50661900,BNP PARIBAS SA,2026-03-08,192,220.45,EUR
FR13209700,JP Morgan,2026-03-06,3122,289.66,EUR
FR76632600,JP Morgan,2026-03-12,4502,52.89,EUR
FR74915000,SOCGEN,2026-03-10,1527,1092.17,EUR
FR33022900,HSBC,2026-03-04,1366,1112.0093253858226,EUR
FR19384800,Societe Generale,2026-03-13,3639,283.9976938545262,EUR
FR80508600,Goldman Sachs,2026-03-15,4106,77.74,EUR
FR75042900,JP Morgan,2026-03-15,3249,290.33,EUR
FR80566000,JP Morgan,2026-03-09,3701,1341.74,EUR
FR38482100,Goldman Sachs,2026-03-07,28,400.23,EUR
FR15560900,JP Morgan,2026-03-10,3413,563.69,EUR
FR32789700,BNP Paribas,2026-03-14,4689,202.75,EUR
FR13102400,JP Morgan,2026-03-14,4561,372.44076758957897,EUR
FR17031300,HSBC,2026-03-09,3014,802.9016399755826,EUR
FR48995700,JP Morgan,2026-03-07,1142,931.24,EUR
FR28407800,Societe Generale,2026-03-12,3349,405.76,EUR
FR45742900,BNP Paribas,2026-03-02,3321,133.71,EUR
FR56124300,SOCGEN,2026-03-13,3382,617.0,EUR
FR21363200,Societe Generale,2026-03-08,997,389.59,EUR
FR35145100,HSBC,2026-03-04,3331,368.35,EUR
FR10305100,BNP PARIBAS SA,2026-03-03,4625,1441.8,EUR
FR80410700,BNP Paribas,2026-03-14,4964,943.64,EUR
FR47683600,BNP Paribas,2026-03-13,183,857.47,EUR
FR71152300,BNP Paribas,2026-03-07,3751,652.87,EUR
FR82177200,BNP Paribas,2026-03-12,3062,671.97,EUR
FR28940700,HSBC,2026-03-03,736,834.31,EUR
FR54939500,JP Morgan,2026-03-08,3770,1059.82,EUR
FR56289400,Societe Generale,2026-03-06,1885,1068.11,EUR
FR31181000,BNP Paribas,2026-03-05,4043,298.96,EUR
FR82797500,JP Morgan,2026-03-05,999,775.16,EUR
FR17352300,JP Morgan,2026-03-08,3754,647.34,EUR
FR86046300,Societe Generale,2026-03-08,2696,1312.26,EUR
FR19447600,HSBC,2026-03-12,429,965.595748792253,EUR
FR33384100,Goldman Sachs,2026-03-01,603,822.13,EUR
FR90345100,Goldman Sachs,2026-03-09,1784,217.32,EUR
FR97004500,JP Morgan,2026-03-14,2469,928.17,EUR
FR32286600,Societe Generale,2026-03-05,945,219.95,EUR
FR18667200,Goldman Sachs,2026-03-04,3818,538.95,EUR
FR69813500,JP Morgan,2026-03-07,341,257.1311667956916,EUR
FR44489400,HSBC,2026-03-06,3459,1053.5379870790873,EUR
FR83499400,Goldman Sachs,2026-03-02,2712,349.07,EUR
FR12825100,JP Morgan,2026-03-08,4016,618.2,EUR
FR72776900,JP Morgan,2026-03-07,3878,1348.73,EUR
FR47471000,BNP Paribas,2026-03-01,4210,346.26,EUR
FR97728400,BNP Paribas,2026-03-12,2507,657.94,EUR
FR13221700,Societe Generale,2026-03-06,1852,76.28,EUR
FR10830800,BNP Paribas,2026-03-04,1876,1199.53909908312,EUR
FR36809300,BNP Paribas,2026-03-02,2006,150.12,EUR
FR28306200,Goldman Sachs,2026-03-13,919,737.67,EUR
FR49436600,JP Morgan,2026-03-14,4315,863.0247583642008,EUR
FR84484000,HSBC,2026-03-04,4668,961.22,EUR
FR20023500,BNP Paribas,2026-03-01,3199,1048.52,EUR
FR17474000,HSBC LTD,2026-03-08,780,417.24,EUR
FR47849600,BNP Paribas,2026-03-02,3165,64.47,EUR
FR95304900,Societe Generale,2026-03-13,2511,1099.0356408673188,EUR
FR85020100,BNP Paribas,2026-03-02,2724,826.7,EUR
FR90332800,Goldman Sachs,2026-03-09,4734,1262.37,EUR
FR27724700,JP Morgan,2026-03-05,3595,1241.01,EUR
FR76316500,SOCGEN,2026-03-02,1638,1272.82,EUR
FR62952500,BNP Paribas,2026-03-11,396,753.39,EUR
FR12005600,HSBC,2026-03-09,3431,533.76,EUR
FR27661500,Societe Generale,2026-03-09,4018,1197.76,EUR
FR28762800,Societe Generale,2026-03-01,4103,704.38,EUR
FR47363200,SOCGEN,2026-03-03,2476,1289.71,EUR
FR23441500,HSBC,2026-03-04,2292,1329.71,EUR
FR50671600,Societe Generale,2026-03-15,1866,726.15,EUR
FR54643800,HSBC,2026-03-07,2008,159.76,EUR
FR65366300,BNP Paribas,2026-03-10,1246,612.35,EUR
FR76502200,JP Morgan,2026-03-04,4679,1215.1544322524553,EUR
FR64125200,Societe Generale,2026-03-02,4154,1357.5938105820821,EUR
FR73771700,JP Morgan,2026-03-07,1160,345.04,EUR
FR35276400,HSBC,2026-03-06,4328,147.11,EUR
FR81499800,Societe Generale,2026-03-03,1441,1322.16,EUR
FR56688200,Goldman Sachs,2026-03-06,1829,614.64,EUR
FR84042700,JP Morgan,2026-03-11,2334,835.568150219434,EUR
FR61215300,Societe Generale,2026-03-15,1140,1453.7,EUR
FR16721500,JP Morgan,2026-03-06,2668,146.55086933675415,EUR
FR95547400,Societe Generale,2026-03-12,3510,990.06,EUR
FR24435600,BNP PARIBAS SA,2026-03-05,384,157.45,EUR
FR30386100,JP Morgan,2026-03-05,2130,594.43,EUR
FR45561200,Goldman Sachs,2026-03-11,4030,1215.53,EUR
FR55460500,Goldman Sachs,2026-03-12,2031,678.53,EUR
FR10943500,HSBC,2026-03-15,3715,1495.91,EUR
FR54755600,Societe Generale,2026-03-01,3269,860.64,EUR
FR79943800,JP Morgan,2026-03-10,3445,515.69,EUR
FR96526400,HSBC,2026-03-06,1899,369.16,EUR
FR17878100,Societe Generale,2026-03-13,1484,590.17,EUR
FR29147500,Goldman Sachs,2026-03-03,2252,149.63,EUR
FR26019600,BNP Paribas,2026-03-15,3253,585.9100013566227,EUR
FR32650700,Goldman Sachs,2026-03-08,3144,723.15,EUR
FR40606300,HSBC,2026-03-10,2080,1098.014357293973,EUR
FR86412100,BNP Paribas,2026-03-14,369,1002.26,EUR
FR87666500,HSBC,2026-03-14,2051,1077.71,EUR
FR79060700,SOCGEN,2026-03-06,1151,62.13,EUR
FR22117200,BNP Paribas,2026-03-03,1645,365.632173923934,EUR
FR45690200,HSBC,2026-03-07,4010,1009.44,EUR
FR58496300,SOCGEN,2026-03-04,1953,751.78,EUR
FR55596800,Goldman Sachs,2026-03-14,4784,57.7,EUR
FR41871700,SOCGEN,2026-03-09,3371,1216.52,EUR
FR15910100,JP Morgan,2026-03-15,2990,1170.57,EUR
FR59597200,Societe Generale,2026-03-05,16,845.21,EUR
FR38879000,SOCGEN,2026-03-03,3277,146.37,EUR
FR99061700,JP Morgan,2026-03-02,1601,1161.45,EUR
FR64733700,HSBC LTD,2026-03-11,4938,896.38,EUR
FR83496500,HSBC,2026-03-02,3274,1183.84,EUR
FR46026000,Societe Generale,2026-03-04,2616,1140.03,EUR
FR98381100,JP Morgan,2026-03-02,3229,1214.35,EUR
FR69267300,JP Morgan,2026-03-15,3283,801.11,EUR
FR75041900,Goldman Sachs,2026-03-04,923,253.47,EUR
FR82077700,BNP Paribas,2026-03-10,1452,949.69,EUR
FR64757700,HSBC,2026-03-09,3064,1126.27,EUR
FR47237000,HSBC,2026-03-02,3556,296.34137612833814,EUR
FR98722500,Goldman Sachs,2026-03-09,4231,332.71,EUR
FR37196700,BNP PARIBAS SA,2026-03-13,4922,1341.09,EUR
FR29123200,Goldman Sachs,2026-03-06,2938,1137.47,EUR
FR40411900,BNP Paribas,2026-03-01,1839,1366.93,EUR
FR10954000,Societe Generale,2026-03-04,585,1150.14,EUR
FR64065200,BNP Paribas,2026-03-15,939,915.88,EUR
FR49782700,Goldman Sachs,2026-03-14,3769,998.49,EUR
FR65195100,HSBC,2026-03-01,3709,1339.24,EUR
FR15199100,BNP Paribas,2026-03-14,1473,889.27,EUR
FR28875100,BNP Paribas,2026-03-06,3285,966.97,EUR
FR46632600,JP Morgan,2026-03-14,4938,276.89,EUR
FR78633700,HSBC,2026-03-13,1064,737.19,EUR
FR71899200,Societe Generale,2026-03-04,1910,1088.78,EUR
FR14911500,Goldman Sachs,2026-03-03,1467,442.87,EUR
FR45315100,Societe Generale,2026-03-03,1409,343.27,EUR
FR84358300,HSBC LTD,2026-03-09,3425,505.0697483284762,EUR
FR82174700,BNP Paribas,2026-03-09,3660,361.62,EUR
FR24914300,HSBC,2026-03-13,4662,666.0653971892046,EUR
FR81463500,BNP Paribas,2026-03-05,1188,1366.37,EUR
FR63622600,BNP Paribas,2026-03-02,4468,785.2883633696913,EUR
FR10400000,Goldman Sachs,2026-03-06,3644,161.61,EUR
FR98747400,JP Morgan,2026-03-04,2319,605.06,EUR
FR45575400,Societe Generale,2026-03-09,920,1241.65,EUR
FR35149200,HSBC,2026-03-15,4350,1006.29,EUR
FR99012300,HSBC,2026-03-04,4647,1204.55,EUR
FR59952200,HSBC,2026-03-13,4019,444.32,EUR
FR59107200,JP Morgan,2026-03-12,2179,1053.92,EUR
FR13830400,Goldman Sachs,2026-03-12,2182,432.89,EUR
FR60499900,JP Morgan,2026-03-12,133,1411.65,EUR
FR43159300,HSBC,2026-03-13,3168,972.74,EUR
FR70727400,Societe Generale,2026-03-15,795,520.54,EUR
FR25183600,BNP Paribas,2026-03-14,2426,440.8094719034183,EUR
FR20894000,Goldman Sachs,2026-03-04,806,326.84,EUR
FR92492600,Goldman Sachs,2026-03-03,4182,1057.23,EUR
FR36551700,JP Morgan,2026-03-13,4164,367.14,EUR
FR76752100,Goldman Sachs,2026-03-13,1946,913.19,EUR
FR72182000,HSBC,2026-03-15,2166,433.72,EUR
FR48577700,JP Morgan,2026-03-13,1311,1231.67691027025,EUR
FR72467400,HSBC,2026-03-11,4173,1178.1752848048768,EUR
FR65163800,Societe Generale,2026-03-14,3150,1153.23,EUR
FR71729600,JP Morgan,2026-03-03,3246,322.2,EUR
FR98072900,Societe Generale,2026-03-12,2362,178.16,EUR
FR64963900,BNP Paribas,2026-03-07,1942,1063.48,EUR
FR71295600,Societe Generale,2026-03-04,2731,584.1,EUR
FR73887300,BNP Paribas,2026-03-15,374,676.9,EUR
FR43749700,BNP Paribas,2026-03-03,4926,95.17,EUR
FR30786900,Societe Generale,2026-03-05,2400,426.39,EUR
FR16595300,JP Morgan,2026-03-04,956,98.83,EUR
FR94389000,HSBC,2026-03-02,1387,1324.82,EUR
FR60032800,HSBC,2026-03-10,1449,402.93,EUR
FR90679000,BNP Paribas,2026-03-09,3190,858.14,EUR
FR10326700,BNP Paribas,2026-03-02,4867,106.55444566092845,EUR
FR18274500,JP Morgan,2026-03-14,350,1016.93,EUR
FR97602000,Goldman Sachs,2026-03-12,2999,518.39,EUR
FR92494500,Societe Generale,2026-03-02,392,1351.98,EUR
FR25716400,BNP Paribas,2026-03-13,1566,1337.77,EUR
FR63562600,HSBC,2026-03-15,309,521.67,EUR
FR23148400,JP Morgan,2026-03-08,148,1356.39,EUR
FR63183100,Societe Generale,2026-03-16,368,1494.43,EUR
FR99232300,JP Morgan,2026-03-09,4941,1246.85,EUR
FR16069200,SOCGEN,2026-03-07,1532,1275.06,EUR
FR32015600,Societe Generale,2026-03-03,3466,411.06,EUR
FR32399200,BNP Paribas,2026-03-09,1637,886.22,EUR
FR61677100,JP Morgan,2026-03-03,1313,147.52,EUR
FR93085700,JP Morgan,2026-03-06,1144,187.63,EUR
FR66304400,HSBC,2026-03-09,2196,1498.39,EUR
FR64317600,HSBC,2026-03-12,3180,523.63,EUR
FR79109500,BNP Paribas,2026-03-14,3845,1134.87,EUR
FR21435200,Goldman Sachs,2026-03-04,1247,1294.13,EUR
FR96947400,HSBC,2026-03-07,3745,1496.56,EUR
FR18599900,Societe Generale,2026-03-12,2844,400.17,EUR
FR11795500,JP Morgan,2026-03-01,4270,108.51,EUR
FR92427300,BNP Paribas,2026-03-05,1008,646.23,EUR
FR17064000,JP Morgan,2026-03-04,2577,238.62,EUR
FR29658200,JP Morgan,2026-03-07,1317,82.52,EUR
FR84408600,Goldman Sachs,2026-03-08,666,572.62,EUR
FR50057300,HSBC,2026-03-01,2670,1186.42,EUR
FR52569500,BNP Paribas,2026-03-05,2221,870.96,EUR
FR16147600,JP Morgan,2026-03-07,1919,503.55373511158297,EUR
FR40695500,BNP Paribas,2026-03-12,3740,998.8,EUR
FR26728000,Societe Generale,2026-03-05,2056,386.43,EUR
FR77551000,Goldman Sachs,2026-03-14,3172,70.85,EUR
FR69546800,Societe Generale,2026-03-04,1150,1158.31,EUR
FR79864600,BNP Paribas,2026-03-04,276,954.4751191352999,EUR
FR73714400,BNP Paribas,2026-03-12,1855,1155.34,EUR
FR95488200,HSBC,2026-03-06,1718,106.46,EUR
FR51456800,JP Morgan,2026-03-07,3640,1263.82,EUR
FR28614100,JP Morgan,2026-03-03,3221,948.31,EUR
FR99832000,Societe Generale,2026-03-15,2303,866.92,EUR
FR73473600,Goldman Sachs,2026-03-05,3742,955.69,EUR
FR63868500,JP Morgan,2026-03-04,3839,1303.453790790676,EUR
FR27803100,HSBC,2026-03-15,1520,901.06,EUR
FR21918000,Societe Generale,2026-03-14,485,892.38,EUR
FR16623400,Societe Generale,2026-03-13,986,1486.5116495285774,EUR
FR66424200,HSBC,2026-03-03,1217,1147.26,EUR
FR27835200,Goldman Sachs,2026-03-07,1970,691.33,EUR
FR17945900,HSBC,2026-03-11,567,1075.73,EUR
FR50999500,Goldman Sachs,2026-03-12,892,614.38,EUR
FR29500400,HSBC,2026-03-06,2204,381.87,EUR
FR56615200,HSBC,2026-03-14,4771,915.44,EUR
FR82525600,BNP Paribas,2026-03-07,2677,1395.86,EUR
FR57585300,HSBC,2026-03-13,4687,545.76,EUR
FR15193400,HSBC,2026-03-06,4800,815.13,EUR
FR82025500,JP Morgan,2026-03-05,1620,356.87,EUR
FR52552300,Societe Generale,2026-03-14,3498,1493.67,EUR
FR94053000,JP Morgan,2026-03-08,2464,1472.62,EUR
FR55413700,Societe Generale,2026-03-03,4504,991.79,EUR
FR10548600,JP Morgan,2026-03-14,1956,1216.4,EUR
FR23940700,HSBC,2026-03-11,4820,1086.9,EUR
FR97333200,HSBC,2026-03-05,4809,910.08,EUR
FR75030800,BNP Paribas,2026-03-06,2818,127.35,EUR
FR72708300,JP Morgan,2026-03-06,3835,709.41,EUR
FR32018400,Goldman Sachs,2026-03-15,3546,1028.44,EUR
FR76649000,BNP Paribas,2026-03-05,3812,1032.42,EUR
FR44965200,JP Morgan,2026-03-10,4187,591.03,EUR
FR86131500,JP Morgan,2026-03-07,4709,1415.45,EUR
FR74261200,BNP Paribas,2026-03-10,1980,292.67,EUR
FR42271000,HSBC,2026-03-09,3832,775.52,EUR
FR29777500,JP Morgan,2026-03-07,2829,1051.78,EUR
FR38933600,HSBC LTD,2026-03-06,912,1060.85,EUR
FR88749400,BNP Paribas,2026-03-01,374,990.53,EUR
FR25261700,Goldman Sachs,2026-03-10,2568,972.11,EUR
FR64597700,JP Morgan,2026-03-02,1873,918.99,EUR
FR89760600,Goldman Sachs,2026-03-13,125,310.07,EUR
FR98946500,JP Morgan,2026-03-05,4986,710.0,EUR
FR63363600,HSBC,2026-03-02,3945,1018.25,EUR
FR13810200,Societe Generale,2026-03-05,4945,1264.18,EUR
FR17446000,BNP PARIBAS SA,2026-03-13,2500,296.11,EUR
FR46477800,JP Morgan,2026-03-04,952,77.76,EUR
FR18993000,Societe Generale,2026-03-01,1734,1179.7,EUR
FR63108900,Societe Generale,2026-03-03,2344,934.0822357925304,EUR
FR72743800,JP Morgan,2026-03-01,2777,1064.48,EUR
FR82762700,HSBC LTD,2026-03-12,1147,1265.32,EUR
FR27920800,SOCGEN,2026-03-11,2537,1214.08,EUR
FR25469700,Goldman Sachs,2026-03-15,4127,1443.33,EUR
FR31394500,Societe Generale,2026-03-05,3430,827.11,EUR
FR33191500,HSBC,2026-03-04,4788,758.32,EUR
FR82795200,HSBC,2026-03-07,3916,632.74,EUR
FR53747700,Societe Generale,2026-03-10,2963,880.28,EUR
FR62583000,HSBC,2026-03-14,2377,451.71080084913825,EUR
FR38382100,JP Morgan,2026-03-04,4231,1385.9,EUR
FR27780400,BNP Paribas,2026-03-02,286,895.63,EUR
FR80570300,BNP Paribas,2026-03-04,2009,909.62,EUR
FR13908100,BNP Paribas,2026-03-12,1237,564.64,EUR
FR81821600,SOCGEN,2026-03-02,3762,125.38,EUR
FR45524900,Goldman Sachs,2026-03-08,3745,96.03,EUR
FR31993000,HSBC,2026-03-03,705,663.84,EUR
FR90549700,JP Morgan,2026-03-09,1319,172.62,EUR
FR61731300,JP Morgan,2026-03-13,4162,929.93,EUR
FR31453200,Societe Generale,2026-03-04,3244,1327.41,EUR
FR71238000,BNP Paribas,2026-03-13,4124,1330.23,EUR
FR61933200,Societe Generale,2026-03-06,2321,1005.62,EUR
FR41683700,Goldman Sachs,2026-03-10,2851,356.29,EUR
FR38910600,Goldman Sachs,2026-03-05,4218,1301.35,EUR
FR12829500,HSBC,2026-03-10,3569,1334.84,EUR
FR11380700,HSBC,2026-03-13,3408,335.15,EUR
FR53556400,Goldman Sachs,2026-03-01,551,1119.27,EUR
FR25750400,Goldman Sachs,2026-03-09,2704,465.4753161205615,EUR
FR33806700,Goldman Sachs,2026-03-01,4684,1213.83,EUR
FR58500800,Societe Generale,2026-03-08,1098,1495.99,EUR
FR79244000,Goldman Sachs,2026-03-09,3373,93.54,EUR
FR49454000,JP Morgan,2026-03-09,34,1351.18,EUR
FR97769900,BNP Paribas,2026-03-01,1582,952.81,EUR
FR61792300,Goldman Sachs,2026-03-02,2968,1461.4412691595603,EUR
FR26698100,BNP Paribas,2026-03-12,4246,724.26,EUR
FR84469900,Societe Generale,2026-03-13,1777,1278.71,EUR
FR11987000,BNP Paribas,2026-03-01,4753,140.47,EUR
FR30319600,Societe Generale,2026-03-10,2245,536.15,EUR
FR34868300,JP Morgan,2026-03-02,210,147.17,EUR
FR33467700,Societe Generale,2026-03-10,3208,1464.25,EUR
FR12679000,SOCGEN,2026-03-12,266,1234.61,EUR
FR74316200,HSBC,2026-03-08,3757,1286.19,EUR
FR91172100,Goldman Sachs,2026-03-05,4652,1410.05,EUR
FR84907400,JP Morgan,2026-03-11,3185,609.12,EUR
FR58746200,JP Morgan,2026-03-07,3616,153.01511247377442,EUR
FR63977300,Goldman Sachs,2026-03-03,3346,355.65,EUR
FR93091400,HSBC,2026-03-09,4907,382.61985679320037,EUR
FR18618800,Goldman Sachs,2026-03-11,423,730.21,EUR
FR62903600,HSBC,2026-03-07,2024,439.42,EUR
FR84212900,JP Morgan,2026-03-08,1391,196.42,EUR
FR76479500,BNP Paribas,2026-03-01,1108,292.86,EUR
FR89014100,JP Morgan,2026-03-15,3436,263.5671153623494,EUR
FR74824900,JP Morgan,2026-03-01,3665,1460.96,EUR
FR13035500,Societe Generale,2026-03-12,919,1150.97,EUR
FR81113100,Societe Generale,2026-03-07,197,1453.25,EUR
FR55101500,Societe Generale,2026-03-08,4054,687.62,EUR
FR50633200,SOCGEN,2026-03-13,3766,453.63,EUR
FR25654200,HSBC,2026-03-03,2025,1207.554068804454,EUR
FR27341600,Goldman Sachs,2026-03-05,2102,523.07,EUR
FR40506200,BNP Paribas,2026-03-13,3654,484.11,EUR
FR93865600,JP Morgan,2026-03-01,2140,387.13,EUR
FR66358600,HSBC,2026-03-07,367,238.03,EUR
FR96665100,HSBC,2026-03-08,4267,565.21,EUR
FR16162900,HSBC,2026-03-13,4555,1027.29,EUR
FR59273400,Goldman Sachs,2026-03-10,2168,355.24,EUR
FR85519500,Societe Generale,2026-03-08,2565,1223.08,EUR
FR39016000,Goldman Sachs,2026-03-11,2352,263.04,EUR
FR64824800,JP Morgan,2026-03-02,2961,546.84,EUR
FR92002300,JP Morgan,2026-03-13,1248,1303.76,EUR
FR31392000,JP Morgan,2026-03-03,983,274.652229119428,EUR
FR98976500,BNP Paribas,2026-03-08,4737,169.97,EUR
FR34280400,Goldman Sachs,2026-03-04,3975,752.58,EUR
FR47696500,Goldman Sachs,2026-03-08,1060,488.51,EUR
FR56085700,HSBC,2026-03-01,3711,866.94,EUR
FR92282700,HSBC,2026-03-05,2790,1215.52,EUR
FR60449200,HSBC,2026-03-04,1598,248.87,EUR
FR75398300,JP Morgan,2026-03-05,3888,892.01,EUR
FR51591600,Goldman Sachs,2026-03-08,2378,782.99,EUR
FR92105200,JP Morgan,2026-03-10,446,258.91,EUR
FR85857400,BNP Paribas,2026-03-15,2838,954.8,EUR
FR22814800,HSBC,2026-03-14,1566,446.79370114217465,EUR
FR90699100,JP Morgan,2026-03-04,3868,757.36,EUR
FR58626100,JP Morgan,2026-03-11,1314,169.29,EUR
FR45554000,BNP Paribas,2026-03-04,2394,716.4,EUR
FR29271400,Societe Generale,2026-03-15,192,494.37,EUR
FR83189900,Goldman Sachs,2026-03-03,1599,1242.45,EUR
FR38387600,Societe Generale,2026-03-07,1597,132.62,EUR
FR35974700,HSBC,2026-03-03,669,656.98,EUR
FR71565000,JP Morgan,2026-03-13,169,714.73,EUR
FR52357000,BNP Paribas,2026-03-04,3963,1101.26,EUR
FR37598700,BNP Paribas,2026-03-11,1021,882.72,EUR
FR73835300,Goldman Sachs,2026-03-11,62,1017.46,EUR
FR95815800,SOCGEN,2026-03-05,2317,1176.72,EUR
FR15252800,JP Morgan,2026-03-14,1045,505.12,EUR
FR92484500,Goldman Sachs,2026-03-06,3712,830.13,EUR
FR35921400,BNP PARIBAS SA,2026-03-08,4055,1268.16,EUR
FR93907000,BNP Paribas,2026-03-10,4955,1484.7199518825503,EUR
FR60110800,HSBC,2026-03-06,4459,1339.8,EUR
FR46850100,JP Morgan,2026-03-12,1894,332.99,EUR
FR82422600,Societe Generale,2026-03-01,1819,759.62,EUR
FR25015900,Goldman Sachs,2026-03-15,3177,1125.38,EUR
FR27250200,JP Morgan,2026-03-08,3807,764.2648792316038,EUR
FR25557600,HSBC,2026-03-08,2351,750.61,EUR
FR96529100,Goldman Sachs,2026-03-09,3424,1265.43,EUR
FR98608900,HSBC,2026-03-10,827,574.04,EUR
FR11102300,Goldman Sachs,2026-03-02,2447,1296.7,EUR
FR64573500,Societe Generale,2026-03-15,898,639.87,EUR
FR48804300,JP Morgan,2026-03-02,677,525.94,EUR
FR38610300,Goldman Sachs,2026-03-03,4738,708.29,EUR
FR16620300,BNP Paribas,2026-03-02,2634,1155.55,EUR
FR26077500,BNP Paribas,2026-03-04,4242,232.7,EUR
FR10933700,Goldman Sachs,2026-03-14,4533,334.81,EUR
FR67071500,Goldman Sachs,2026-03-05,828,1429.59,EUR
FR61472300,Goldman Sachs,2026-03-14,2198,304.46,EUR
FR42367300,BNP Paribas,2026-03-09,1116,873.2,EUR
FR46416700,BNP Paribas,2026-03-09,2234,890.01,EUR
FR44680900,Goldman Sachs,2026-03-09,207,759.96,EUR
FR73007500,HSBC,2026-03-10,2681,984.88,EUR
FR78728100,HSBC,2026-03-08,3502,383.25,EUR
FR39545100,Societe Generale,2026-03-15,2458,851.36,EUR
FR52057100,JP Morgan,2026-03-16,480,589.65,EUR
FR22701600,HSBC,2026-03-02,1958,1009.42,EUR
FR89126700,BNP Paribas,2026-03-10,3909,254.77,EUR
FR64444700,HSBC,2026-03-05,2020,877.77,EUR
FR59756200,Societe Generale,2026-03-04,3810,318.64,EUR
FR80296500,Societe Generale,2026-03-12,4128,454.03,EUR
FR48393400,JP Morgan,2026-03-11,3806,367.13,EUR
FR99204800,HSBC,2026-03-09,3998,315.11,EUR
FR96518400,BNP Paribas,2026-03-02,244,1247.3171554934875,EUR
FR41742800,BNP Paribas,2026-03-06,938,464.318598112942,EUR
FR41918700,Goldman Sachs,2026-03-13,3617,1394.33,EUR
FR79090700,BNP Paribas,2026-03-05,532,1456.417607213148,EUR
FR98343900,JP Morgan,2026-03-16,3533,878.33,EUR
FR18284400,JP Morgan,2026-03-12,4536,257.35,EUR
FR65182000,BNP Paribas,2026-03-02,4898,593.09,EUR
FR26542100,BNP Paribas,2026-03-11,1639,1206.71,EUR
FR22240200,Goldman Sachs,2026-03-10,4638,582.72,EUR
FR21801200,BNP Paribas,2026-03-15,1326,176.21934940134702,EUR
FR53866100,Goldman Sachs,2026-03-01,2867,857.34,EUR
FR49892900,Goldman Sachs,2026-03-08,1134,1275.43,EUR
FR68046600,BNP Paribas,2026-03-02,2597,1204.09,EUR
FR67369500,Societe Generale,2026-03-07,1033,303.93,EUR
FR56355600,Societe Generale,2026-03-09,1388,1025.51,EUR
FR67527800,Goldman Sachs,2026-03-09,3384,369.73,EUR
FR22947300,BNP Paribas,2026-03-08,1529,366.4,EUR
FR57800700,Societe Generale,2026-03-11,236,1317.4,EUR
FR94457300,BNP Paribas,2026-03-14,4978,412.02,EUR
FR51700900,BNP PARIBAS SA,2026-03-13,901,431.71,EUR
FR41871400,BNP Paribas,2026-03-10,4082,50.95,EUR
FR32615600,HSBC,2026-03-09,2267,1312.47,EUR
FR26896400,BNP Paribas,2026-03-03,2798,1199.26,EUR
FR62530300,HSBC,2026-03-06,406,959.63,EUR
FR16181300,Goldman Sachs,2026-03-04,2088,1137.89,EUR
FR12771200,Societe Generale,2026-03-15,4754,270.47,EUR
FR72478500,SOCGEN,2026-03-05,4434,714.57,EUR
FR86721400,Societe Generale,2026-03-05,3247,559.27,EUR
FR22877800,Societe Generale,2026-03-03,2015,754.89,EUR
FR68658000,Societe Generale,2026-03-14,2026,1385.07,EUR
FR38597700,Societe Generale,2026-03-01,3181,108.09,EUR
FR23523000,Goldman Sachs,2026-03-08,2678,472.62,EUR
FR81804000,BNP Paribas,2026-03-05,1888,350.93,EUR
FR90674100,JP Morgan,2026-03-03,1206,395.31,EUR
FR36911400,HSBC,2026-03-10,1782,1367.23,EUR
FR43461800,JP Morgan,2026-03-14,171,728.7,EUR
FR93297200,JP Morgan,2026-03-07,3986,726.13,EUR
FR25145600,BNP Paribas,2026-03-07,1761,1152.83,EUR
FR90444900,BNP Paribas,2026-03-01,785,274.01,EUR
FR96231200,BNP Paribas,2026-03-12,949,756.53,EUR
FR20557000,Societe Generale,2026-03-09,3230,673.48,EUR
FR37084600,Goldman Sachs,2026-03-15,549,915.52,EUR
FR10040400,Societe Generale,2026-03-02,4927,1499.36,EUR
FR80328600,Goldman Sachs,2026-03-05,1471,1165.7125273238744,EUR
FR37490700,Goldman Sachs,2026-03-14,365,626.91,EUR
FR77374400,JP Morgan,2026-03-14,3614,1249.95,EUR
FR81546000,JP Morgan,2026-03-05,3333,297.53,EUR
FR98457400,Goldman Sachs,2026-03-14,244,94.17,EUR
FR76522000,Goldman Sachs,2026-03-08,1558,346.45,EUR
FR33536500,Societe Generale,2026-03-14,2106,543.6,EUR
FR44278600,Societe Generale,2026-03-08,4223,790.34,EUR
FR15061200,JP Morgan,2026-03-14,2111,941.94,EUR
FR91000600,BNP Paribas,2026-03-07,1683,1370.38,EUR
FR90995600,Goldman Sachs,2026-03-07,2110,789.29,EUR
FR30024400,Societe Generale,2026-03-12,3667,776.85,EUR
FR89734800,JP Morgan,2026-03-12,4663,122.86277231092153,EUR
FR10480900,Societe Generale,2026-03-06,3606,100.62,EUR
FR26327300,Goldman Sachs,2026-03-07,3758,849.18,EUR
FR80869000,Goldman Sachs,2026-03-12,3183,685.36,EUR
FR24452800,HSBC,2026-03-09,1825,1266.81,EUR
FR60696400,BNP Paribas,2026-03-06,3851,282.99,EUR
FR54961300,HSBC,2026-03-12,2015,86.21,EUR
FR13876500,JP Morgan,2026-03-13,4503,701.11,EUR
FR93153800,SOCGEN,2026-03-14,684,394.34,EUR
FR41607600,JP Morgan,2026-03-03,396,121.94,EUR
FR94352300,Goldman Sachs,2026-03-02,2168,1100.67,EUR
FR64623700,HSBC,2026-03-13,2671,211.81,EUR
FR30115200,HSBC,2026-03-05,2074,932.06,EUR
FR39988800,HSBC,2026-03-15,3861,457.52,EUR
FR80090300,JP Morgan,2026-03-04,3263,301.57,EUR
FR99475100,Goldman Sachs,2026-03-11,4989,600.64,EUR
FR19219300,Societe Generale,2026-03-02,4646,1212.1,EUR
FR13618700,Societe Generale,2026-03-15,4276,618.54,EUR
FR60595000,JP Morgan,2026-03-15,749,1138.62,EUR
FR23831100,HSBC,2026-03-04,1411,231.96,EUR
FR90092100,BNP Paribas,2026-03-07,3269,1170.52,EUR
FR60815300,JP Morgan,2026-03-08,2287,393.55,EUR
FR28908900,JP Morgan,2026-03-13,3914,1032.22,EUR
FR68616500,Goldman Sachs,2026-03-13,3933,870.38,EUR
FR53634100,Societe Generale,2026-03-06,4224,1397.26,EUR
FR41206600,JP Morgan,2026-03-11,3237,611.62,EUR
FR71836200,JP Morgan,2026-03-05,2841,145.94,EUR
FR78740900,HSBC,2026-03-14,3768,77.78,EUR
FR66141900,HSBC,2026-03-02,2522,1248.94,EUR
FR74005300,BNP Paribas,2026-03-09,2161,810.87,EUR
FR96039500,Goldman Sachs,2026-03-03,3685,1174.1,EUR
FR73117200,BNP Paribas,2026-03-15,2755,389.92,EUR
FR22591700,HSBC,2026-03-06,3876,550.37,EUR
FR91071700,Societe Generale,2026-03-04,3774,93.65,EUR
FR39977000,HSBC,2026-03-07,2232,1444.16,EUR
FR79816800,Goldman Sachs,2026-03-13,2802,1018.41,EUR
FR58168000,HSBC,2026-03-14,1707,1403.15,EUR
FR38134200,Goldman Sachs,2026-03-08,3472,434.97,EUR
FR63954200,Goldman Sachs,2026-03-12,4073,936.62,EUR
FR14423800,Goldman Sachs,2026-03-15,1534,1033.82,EUR
FR10125200,Goldman Sachs,2026-03-10,4770,510.45,EUR
FR92619600,Goldman Sachs,2026-03-05,42,1279.76,EUR
FR96414100,Societe Generale,2026-03-15,4035,1423.38,EUR
FR58545000,BNP Paribas,2026-03-08,2576,1333.04,EUR
FR41582600,JP Morgan,2026-03-10,2813,1121.65,EUR
FR42163800,BNP Paribas,2026-03-10,3906,452.32,EUR
FR70560500,Goldman Sachs,2026-03-09,3719,458.34,EUR
FR42735900,Societe Generale,2026-03-01,729,1446.87,EUR
FR70287500,HSBC,2026-03-12,4589,64.91,EUR
FR10694900,Societe Generale,2026-03-05,982,1088.27,EUR
FR86318500,Goldman Sachs,2026-03-03,3728,1074.1052790222057,EUR
FR41753700,Societe Generale,2026-03-02,4412,952.9,EUR
FR82891300,Societe Generale,2026-03-04,4562,1485.66,EUR
FR76230100,Goldman Sachs,2026-03-08,2217,502.23,EUR
FR65022200,Societe Generale,2026-03-03,4436,542.96,EUR
FR88072200,JP Morgan,2026-03-10,4330,164.46,EUR
FR43788900,Societe Generale,2026-03-11,3585,428.52,EUR
FR57646700,HSBC LTD,2026-03-09,3126,547.91,EUR
FR45660000,Goldman Sachs,2026-03-10,3295,1260.13,EUR
FR41555700,JP Morgan,2026-03-06,653,1406.45,EUR
FR98367100,HSBC,2026-03-14,4721,319.31,EUR
FR40446200,SOCGEN,2026-03-07,204,590.14,EUR
FR35087500,HSBC,2026-03-11,4006,1396.51,EUR
FR56338900,BNP Paribas,2026-03-12,498,139.62,EUR
FR17039000,JP Morgan,2026-03-02,2214,183.96002176655014,EUR
FR35349000,Goldman Sachs,2026-03-13,3286,913.06,EUR
